claim,number,baseline,verdict
the user's convergence table (frozen recipe) reproduces,R31/R21/R32 and margins match to 0.001 dB; plain-mean table to 0.01 dB,user's numbers (2026-10-04),holds
one extra adaptive pass moves the ratios much less than Normal vs Mild,"one pass: R31 0.135, R21 0.060, R32 0.075 dB; Normal - Mild R31 1.08-1.25 dB = 8x the R31 yardstick",one-pass yardstick,holds
frozen detection (R31) labels Healthy_sliced_new correctly in lobe_A (stop rule matched),1.00 correct (±2 dB/±10°: 1.00); margin to tau +0.53 dB = 3.9x yardstick,frozen rule unchanged; R31 one-pass yardstick,holds
frozen detection (R31) labels Mild_lobe correctly in lobe_A (stop rule matched),1.00 correct (±2 dB/±10°: 1.00); margin to tau -0.55 dB = 4.1x yardstick,frozen rule unchanged; R31 one-pass yardstick,holds
frozen detection (R31) labels Moderate_lobe correctly in lobe_A (stop rule matched),1.00 correct (±2 dB/±10°: 1.00); margin to tau -0.73 dB = 5.4x yardstick,frozen rule unchanged; R31 one-pass yardstick,holds
frozen detection (R31) labels Severe_lobe correctly in lobe_A (stop rule matched),1.00 correct (±2 dB/±10°: 1.00); margin to tau -0.26 dB = 1.9x yardstick,frozen rule unchanged; R31 one-pass yardstick,holds on this mesh; margin < 2x yardstick (one more pass could move it to the threshold)
frozen three_merged labels Mild_lobe as Mild+Moderate in lobe_A,1.00 correct (±2 dB/±10°: 1.00),frozen rule unchanged,holds
frozen three_merged labels Moderate_lobe as Mild+Moderate in lobe_A,1.00 correct (±2 dB/±10°: 1.00),frozen rule unchanged,holds
frozen three_merged labels Severe_lobe as Severe in lobe_A,1.00 correct (±2 dB/±10°: 1.00),frozen rule unchanged,holds
frozen three_merged labels Healthy_sliced_new as Normal in lobe_A,1.00 correct (±2 dB/±10°: 1.00),frozen rule unchanged,holds
frozen three labels Mild_lobe as Mild in lobe_A,0.41 correct (±2 dB/±10°: 0.43),frozen rule unchanged,"retracted (reported as-is, no refitting)"
frozen three labels Severe_lobe as Severe in lobe_A,1.00 correct (±2 dB/±10°: 1.00),frozen rule unchanged,holds
the frozen three-class result on lobe-Mild is decided by the mesh (one extra pass),"Mild_lobe (pass 5, A) 0.41 vs Mild_lobe_new (pass 6, B) 0.69 correct; R21 +0.006 / +0.040 dB from the Normal|Mild boundary (-19.98) against a one-pass R21 change of 0.034 dB",frozen rule unchanged; one-pass yardstick,retracted for lobe-Mild in both sets (< 0.95); the difference between sets is mesh
"localisation: frontal lobe visible in the front-back, neighbour paths index (Moderate - Mild (A, front lobe added))","-0.26 dB = 3.8x yardstick, 2.3x clean ruler, 0.3x measured ruler (±0.5 dB gain)",one-pass yardstick; symmetry floor; measurement noise,clean: mesh-sensitive (2-3x); measured: not detectable (0.3x)
"localisation: frontal lobe visible in the front-back, all paths index (Moderate - Mild (A, front lobe added))","-0.07 dB = 1.0x yardstick, 0.6x clean ruler, 0.1x measured ruler (±0.5 dB gain)",one-pass yardstick; symmetry floor; measurement noise,clean: not separable from mesh (< 2x); measured: not detectable (0.1x)
"front neighbour path T1-T2 changes when the frontal lobe is added (severity + location; not a location test alone) (Moderate - Mild (A, front lobe added))","-0.31 dB = 6.4x yardstick, 2.7x clean ruler, 0.5x measured ruler (±0.5 dB gain)",one-pass yardstick; symmetry floor; measurement noise,clean: mesh-sensitive (2-3x); measured: not detectable (0.5x)
"front neighbour path T1-T6 changes when the frontal lobe is added (severity + location; not a location test alone) (Moderate - Mild (A, front lobe added))","-0.39 dB = 8.9x yardstick, 3.4x clean ruler, 0.6x measured ruler (±0.5 dB gain)",one-pass yardstick; symmetry floor; measurement noise,clean: exceeds mesh yardstick and symmetry floor (>= 3x); measured: not detectable (0.6x)
"localisation: gain-invariant asymmetry cross-ratios see the frontal lobe (Moderate - Mild (A, front lobe added))","0/45 exceed 3x the clean ruler, 0/45 the measured ruler; best asym chi T1T4·T3T5 / T1T5·T3T4 -0.70 dB (2.3x clean, 2.0x measured)","max(one-pass yardstick (>= family rms), symmetry floor (+) noise)",not separable from mesh
"raw cross-ratios separate Moderate from Mild (overall severity, not location)","15/45 exceed 3x the clean ruler, 10/45 the measured ruler; best chi T1T4·T5T6 / T1T5·T4T6 -1.93 dB (6.6x clean, 5.7x measured)","max(one-pass yardstick (>= family rms), symmetry floor (+) noise)","exceeds mesh and noise; raw cross-ratios also change with overall severity, not location"
