set,stage,solve,R31,R21,R32
lobe,Normal,Healthy_sliced,-14.60896926930753,-20.506874526002257,5.897905256694727
lobe,Mild,Mild_lobe_new,-15.856133181348408,-19.94038690251027,4.084253721161862
lobe,Moderate,Moderate_lobe_c3,-16.011613075964622,-19.45121380837744,3.439600732412818
lobe,Severe,Severe_lobe_c3,-15.584408578699856,-17.89209529567825,2.307686716978395
uniform v1,Normal,brain_sevem_layer_Healthy.s6p,-14.478668339136862,-20.394579869557436,5.915911530420576
uniform v2,Normal,new_Healthy.s6p,-14.673584178373666,-20.72153413396174,6.0479499555880745
uniform v2,MCI,new_MCI.s6p,-14.613792483547343,-20.684804326332483,6.071011842785141
uniform v1,Mild,Brain_sevem_layer_MildAD.s6p,-16.19521021175294,-19.308245322463186,3.113035110710246
uniform v2,Mild,new_MildAD.s6p,-16.057512221462794,-19.478934192573163,3.4214219711103695
uniform v1,Moderate,Brain_sevem_layer_ModerateAD.s6p,-16.50506813584221,-19.767940370843604,3.262872235001393
uniform v2,Moderate,new_ModerateAD.s6p,-16.16769636988267,-19.525639324813554,3.357942954930885
uniform v1,Severe,brain_sevem_layer_SevereAD.s6p,-15.849890268652054,-18.164382144915383,2.3144918762633275
uniform v2,Severe,new_SevereAD.s6p,-15.85071066419145,-18.05832461660606,2.2076139524146123
