design,path,mirror pairs,band-power rms diff dB,median over f of rms diff dB
Healthy_sliced,reflection,2,0.003432830346562872,0.027809036173102535
Healthy_sliced,neighbour,3,0.03620012639865773,0.09407242521421175
Healthy_sliced,second-neighbour,2,0.06923377562456237,0.13907170771875504
Healthy_sliced,opposite,1,0.017044641371839475,0.046001160698118326
Mild_lobe,reflection,2,0.003717952185940621,0.06204705851877903
Mild_lobe,neighbour,3,0.07262991822206306,0.1131530161345743
Mild_lobe,second-neighbour,2,0.21829683280117793,0.36697473243513057
Mild_lobe,opposite,1,0.10573548875502325,0.10149504241202578
Moderate_lobe,reflection,2,0.011038049722513873,0.08131855233913264
Moderate_lobe,neighbour,3,0.06054313943029732,0.17215329806308138
Moderate_lobe,second-neighbour,2,0.2714267649390398,0.20117298114985302
Moderate_lobe,opposite,1,0.0912930222293511,0.0701392803183225
Severe_lobe,reflection,2,0.013125049955396326,0.05005487230663339
Severe_lobe,neighbour,3,0.1726902751738728,0.07524090625372415
Severe_lobe,second-neighbour,2,0.10580581409696718,0.12284072949428135
Severe_lobe,opposite,1,0.06707135559715738,0.05086479749652284
