cross-ratio,Δ Mild_lobe dB,Δ Moderate_lobe dB,Δ Severe_lobe dB,symmetry floor dB,measurement SD dB,Moderate-Mild (front affected vs not) dB,|Moderate-Mild| / SD,involves T1 (front)
T1T4·T2T5 / T1T5·T2T4,-3.0566099314781674,-4.856091739084713,-6.733978034363767,0.012509305119117206,0.11223375013720366,-1.7994818076065453,15.934668310077704,True
T1T3·T4T6 / T1T4·T3T6,2.9442294886788964,4.469603583179083,7.025910355059173,0.01250930511911716,0.12975316735844775,1.5253740945001866,11.701712530125373,True
T1T4·T5T6 / T1T5·T4T6,-1.3689194442812536,-3.2944910802840113,-5.789421474372521,0.1285601692407036,0.1127782364002765,-1.9255716360027577,11.259565536425258,True
T1T2·T4T5 / T1T5·T2T4,-0.8703149949202569,-2.0913005264608913,-4.828143696865418,0.04399958167939969,0.10987581430205716,-1.2209855315406344,10.316021890801766,True
T1T2·T3T4 / T1T4·T2T3,0.8481032985674837,1.458254425909777,1.1010472641665832,0.04081509212940656,0.05709964078932057,0.6101511273422933,8.693198631932818,True
T1T5·T4T6 / T1T6·T4T5,0.44556416004386534,1.9168450188523778,4.90260161216365,0.12886400107187193,0.11220932970581053,1.4712808588085124,8.610482295996638,True
T1T3·T4T6 / T1T6·T3T4,0.6058328021945982,1.6201542430762572,5.164847393965054,0.04399958167939969,0.11235840310226365,1.014321440881659,8.40599914484063,True
T1T3·T2T4 / T1T4·T2T3,1.8786869356384734,3.252864176594546,6.191436742833407,0.1285601692407036,0.11460083009808224,1.3741772409560724,7.9790165121150265,True
T1T2·T4T5 / T1T4·T2T5,2.186294936557907,2.764791212623823,1.9058343374983515,0.040499143124127536,0.06034728797460602,0.5784962760659162,7.959803849909842,True
T2T5·T3T6 / T2T6·T3T5,-4.473236702499153,-5.402403865737089,-6.8174574873653135,0.012509305119117206,0.12116352580997887,-0.9291671632379357,7.628156503958069,False
T1T5·T2T6 / T1T6·T2T5,2.73914637887167,4.040727506569269,5.987549349755312,0.12856016924070357,0.11438901209805374,1.3015811276975988,7.563681670288496,True
T2T3·T5T6 / T2T6·T3T5,-1.72000366226181,-2.6240638003518413,-5.038427315148297,0.04399958167939969,0.11184724030420522,-0.9040601380900313,7.521890338013906,False
T1T4·T5T6 / T1T6·T4T5,-0.92335528423739,-1.3776460614316353,-0.8868198622088723,0.04081509212940656,0.05016274544494342,-0.45429077719424527,7.024783348983329,True
T1T2·T5T6 / T1T5·T2T6,-1.4762067265511547,-2.6535823553770896,-4.968534874465838,0.12886400107187193,0.11161821403530682,-1.177375628825935,6.90610523518488,True
T1T4·T3T6 / T1T6·T3T4,-2.3383966864843018,-2.8494493401028222,-1.8610629610941167,0.040499143124127536,0.06356121540914075,-0.5110526536185205,6.780840070058077,True
T3T5·T4T6 / T3T6·T4T5,2.179654483671346,3.2785213780201943,5.732509749773655,0.1285601692407036,0.12464590209375963,1.0988668943488484,6.136688598206263,False
T3T4·T5T6 / T3T5·T4T6,-0.7646130814244358,-1.8067180993490055,-4.758266650888409,0.12886400107187193,0.1140860197850228,-1.0421050179245697,6.054908604604177,False
T2T3·T4T5 / T2T4·T3T5,-1.1141119306309193,-2.061781971435657,-4.898036137547884,0.12886400107187196,0.11044922589344167,-0.9476700408047378,5.583718248390679,False
T2T4·T3T5 / T2T5·T3T4,2.4523035686213426,3.368318758149705,5.702823210879654,0.1285601692407036,0.11156068575109179,0.9160151895283626,5.3814854054655985,False
T1T3·T2T6 / T1T6·T2T3,1.5612233830319866,2.437499944079107,5.44500805822495,0.12886400107187193,0.1117842491206849,0.8762765610471206,5.136678625706857,True
T1T4·T3T5 / T1T5·T3T4,-0.604306362856823,-1.4877729809350093,-1.0311548234841172,0.1289991606266595,0.11617231970524872,-0.8834666180781863,5.089107665293457,True
T1T2·T3T4 / T1T3·T2T4,-1.0305836370709969,-1.7946097506847707,-5.090389478666829,0.12886400107187193,0.10816229796035891,-0.7640261136137738,4.541261593516258,True
T1T2·T3T6 / T1T3·T2T6,-3.051516770948801,-3.828694858272158,-6.205023755152489,0.12856016924070357,0.1192940295754472,-0.7771780873233567,4.431349210450186,True
T1T2·T4T6 / T1T4·T2T6,-0.10728728226990292,0.6409087249069287,0.8208865999066859,0.12899916062665984,0.1202055534108398,0.7481960071768317,4.243301765781127,True
T1T4·T2T6 / T1T6·T2T4,-0.3174635526064975,-0.815364232515444,-0.7464286846084587,0.1289991606266595,0.1201063206214618,-0.4979006799089465,2.824866131183154,True
T1T3·T4T5 / T1T5·T3T4,0.1602686421507335,-0.2966907757761169,0.262245781801406,0.1325666336837162,0.10527428231892882,-0.4569594179268504,2.699388548139112,True
T1T3·T4T5 / T1T4·T3T5,0.7645750050075542,1.1910822051588905,1.2934006052855231,0.12899916062665984,0.1108831036374908,0.42650720015133636,2.507311393292858,True
T1T3·T2T5 / T1T5·T2T3,-1.1779229958396886,-1.6032275624901633,-0.5425412915303589,0.1289991606266595,0.11298158379221208,-0.42530456665047467,2.4801894904559,True
T1T3·T5T6 / T1T5·T3T6,1.5753100443976464,1.1751125028950717,1.236488880686652,0.12899916062665984,0.11657892379893461,-0.4001975415025747,2.3016807146030076,True
T1T5·T3T6 / T1T6·T3T5,-1.7340903236274823,-1.3616763591678147,-0.829908137610003,0.1289991606266595,0.12127391319621009,0.37241396445966757,2.1033910940365836,True
T1T2·T5T6 / T1T6·T2T5,1.2629396523205187,1.3871451511921897,1.0190144752894756,0.04081509212940656,0.05407304601248229,0.12420549887167098,1.833350700736907,True
T1T2·T3T5 / T1T5·T2T3,0.2437969357106625,-0.02951855502523238,0.06989244068246597,0.13256663368371618,0.11218833934253786,-0.2733154907358949,1.573792967212026,True
T1T2·T4T6 / T1T6·T2T4,-0.4247508348763963,-0.17445550760851306,0.07445791529823095,0.1325666336837162,0.11127689869190087,0.2502953272678833,1.446130522267899,True
T1T2·T3T6 / T1T6·T2T3,-1.490293387916818,-1.391194914193047,-0.7600156969275353,0.04081509212940656,0.055096036030144326,0.09909847372377101,1.4452776572790444,True
T2T5·T4T6 / T2T6·T4T5,-2.293582218827808,-2.1238824877168945,-1.0849477375916585,0.1289991606266595,0.1237128859487942,0.16969973111091363,0.9494568033714639,False
T1T2·T3T5 / T1T3·T2T5,1.4217199315503528,1.573709007464931,0.6124337322128248,0.12899916062665984,0.10917542572029577,0.1519890759145781,0.8993584912987719,True
T3T4·T5T6 / T3T6·T4T5,1.4150414022469135,1.4718032786711888,0.9742430988852462,0.04081509212940656,0.05194229206266734,0.056761876424275215,0.8592522339963905,False
T2T3·T4T6 / T2T4·T3T6,1.0655425530404212,1.2167394065845354,0.8344736122257661,0.12899916062665984,0.12019327814961688,0.15119685354411416,0.8575350837238349,False
T2T3·T4T6 / T2T6·T3T4,-0.9553905808373852,-0.817345701002848,-0.2801606642598957,0.1325666336837162,0.12076623979930956,0.13804487983453717,0.769791491604541,False
T2T4·T5T6 / T2T5·T4T6,1.687690487196912,1.5616006588007014,0.9445565599912449,0.12899916062665984,0.11522990881186804,-0.12608982839621063,0.7289681992165667,False
T2T3·T4T5 / T2T5·T3T4,1.338191637990425,1.306536786714048,0.8047870733317648,0.04081509212940656,0.05035546301118113,-0.031654851276377016,0.48835518007908196,False
T2T3·T5T6 / T2T5·T3T6,2.7532330402373404,2.778340065385237,1.7790301722170128,0.040499143124127536,0.0615153243217635,0.025107025147896422,0.3408966848391759,False
T2T4·T5T6 / T2T6·T4T5,-0.6058917316308924,-0.5622818289161924,-0.14039117760041483,0.1325666336837162,0.11782384601254589,0.0436099027147,0.24588430503927725,False
T1T3·T5T6 / T1T6·T3T5,-0.15878027922983345,-0.18656385627274336,0.4065807430766508,0.1325666336837162,0.1051180661058656,-0.0277835770429099,0.16421964920135157,True
T2T4·T3T6 / T2T6·T3T4,-2.0209331338778114,-2.0340851075873836,-1.1146342764856634,0.1289991606266595,0.11968707003515329,-0.013151973709572218,0.0747394560687818,False
