pair,same_project,k0_diff/noise,k0_rms_dB_diff,k1_diff/noise,k1_rms_dB_diff,k2_diff/noise,k2_rms_dB_diff,k3_diff/noise,k3_rms_dB_diff,k0_shoulder_dB_diff
Normal-Normal,True,8.9281453687741,2.615613200119787,8.952232302066795,1.2516723837136303,2.879045486528744,2.5851271797589805,11.512042773335187,0.8965991176498312,-1.3487223900432248
Normal-MCI,True,16.34699983182412,3.078263392212065,17.676298394376953,2.133756638262274,5.41426413980635,3.4710938190466516,18.99028874379192,1.6052290261125877,-1.9907167835469544
Normal-Mild,False,1.7314672957390478,0.8761220375174722,1.436428176287211,0.49562098687333234,1.5067863250041087,3.0561585259640855,3.4869956200857377,1.61708749886828,0.7710212620774151
Normal-Mild,True,12.448171538614254,2.8355728802488747,14.490971085659151,1.8756975557627504,5.777461699720406,4.466186587174863,18.74007180588478,1.7834790823194755,-1.0394137183094188
Normal-Moderate,False,2.5827125923988272,0.9679600066182624,1.048527716923433,0.5542268220113532,1.3925292793137998,2.9118388610698402,5.078797809241742,1.7997856495183417,0.7089947149788234
Normal-Moderate,True,12.413269660664188,2.6871849205174074,12.056711151186704,1.4459272164826211,5.290248675834602,3.9430458451527435,17.47326991818305,1.545261112479042,-1.0358702845974967
Normal-Severe,True,2.8516741546308375,1.4223829105468724,2.447487038838652,0.7702567071524055,1.999032140475091,3.786669605173429,4.779954298311551,1.7449816853915094,1.1162965580668711
Normal-Severe,True,11.555511671297754,2.738918593299756,11.419671190645804,1.474531604150688,5.673551567463403,4.458039199834979,19.136462465468984,1.850434234123368,-0.5604597976666117
Normal-MCI,True,11.600424900586129,2.3101541004131376,8.789213382079875,1.0021831121156615,4.473189895363719,2.212958633635761,8.935023124542235,1.1178468258005254,-0.6419943935037296
Normal-Mild,False,6.039358740221884,2.743148572799745,7.416003783882022,1.6450945016329988,3.5964451506886723,2.3830705346837724,8.28776343220798,2.061320987643519,2.11974365212064
Normal-Mild,True,8.079800481908034,2.2161832279427256,5.209637138241839,0.9297173590826918,4.656702671513395,3.3610532236277493,11.070279410879657,1.712520166384399,0.30930867173380605
Normal-Moderate,False,9.010289127158758,2.548745889820819,6.974875043095459,1.6601315415587816,2.867802913321847,2.1282707696279646,11.684285348656507,2.248670588019876,2.057717105022048
Normal-Moderate,True,5.78776263725479,1.480088737087104,2.788236694027766,0.5446494050325784,3.7635129030756134,2.535376662619886,9.26854696353855,1.5526633094906004,0.31285210544572806
Normal-Severe,True,8.073856300838555,2.6261539986441345,10.349628844773886,1.8091032692065716,3.495877033906577,2.8350794172050087,6.392999261654927,2.267151759560601,2.465018948110096
Normal-Severe,True,6.21439544218866,1.601080802949093,3.3441041978278543,0.7699415185130046,4.527228163894973,3.284398286220022,12.51824352696579,2.098276400442332,0.7882625923766131
MCI-Mild,False,9.571914786021129,3.4479140223908686,12.308811572358014,2.4901627764465895,6.69240781013815,3.3109412638101046,13.065587021729257,2.5123174578953367,2.7617380456243694
MCI-Mild,True,5.3435929110466915,0.645690606242128,7.863702959328693,0.563889520752941,4.316216524276175,1.7393301990856123,9.80390084600743,1.5288506355426994,0.9513030652375356
MCI-Moderate,False,15.742736414981199,3.323232073725493,12.025200445280946,2.4837073541078616,5.357678442168634,3.0066368811582125,20.75185027580211,2.5768419243892327,2.6997114985257777
MCI-Moderate,True,13.089544818292847,1.2321890662504684,10.98269517495777,0.8594801660535907,5.417745656599542,1.655264205453198,10.008699352876873,1.7541044054546564,0.9548464989494576
MCI-Severe,True,13.005474522598847,3.4797031278412707,18.577234977309736,2.6016084450501733,6.122127550417007,3.574529879452427,10.34590766182122,2.5988130859032426,3.1070133416138255
MCI-Severe,True,11.785231407204979,1.334580157210697,12.600314578656384,1.0614689714228174,6.729153427994378,2.0322970927815067,13.241203592257067,2.2526509703446913,1.4302569858803427
Mild-Mild,False,7.764567062446839,3.175687976444641,10.080534672547914,2.1636939867077785,6.753174123379784,3.638831101821208,11.797015216685145,1.5175012345942092,-1.8104349803868338
Mild-Moderate,True,0.4587620424785567,0.4514018978570216,0.5318792040408291,0.20634762562506653,0.6870883694375011,0.7375656339600399,0.7041695559249029,0.41574591030704494,-0.06202654709859168
Mild-Moderate,False,7.160821477453544,2.929074011288495,8.692931128169294,1.7359416097924718,6.09582245154954,2.9035150068912703,10.819617261166556,1.0945596179290933,-1.8068915466749118
Mild-Severe,False,0.779745359659719,0.9379044283304991,0.520757486732896,0.43308059668218674,0.7921846146689472,1.1109404799209843,1.876313011669667,0.5837746079580305,0.34527529598945605
Mild-Severe,False,6.838786870369974,2.9541074752984327,8.121873762909525,1.7103007388930267,6.18860480355273,3.3649622588138075,11.936862126266531,0.9724650795562156,-1.3314810597440268
Mild-Moderate,False,11.393524113339708,3.042676958038372,9.721617830887142,2.151729861079144,5.322722899852072,3.335118300650056,19.326780550429923,1.4845386368691627,1.7484084332882421
Mild-Moderate,True,6.0726053219075835,1.0447832582457819,4.453638184213502,0.536158019516233,2.26008750813579,1.3827795380066947,4.427704265628171,0.7437566389666089,0.003543433711922006
Mild-Severe,True,10.02660168175652,3.1952331256107778,15.472183566328248,2.277783444518086,6.085043007559419,3.561120019495188,9.098204692921104,1.6032441767568726,2.15571027637629
Mild-Severe,True,6.438835995013594,1.1026788825642466,6.095237883000206,0.8388849955343178,3.263938616964805,0.9394182992851076,6.491828487419097,1.0939407392251395,0.47895392064280706
Moderate-Moderate,False,11.614000462855163,2.7709911214263516,8.278250144355765,1.7272197205272113,4.738920422152727,2.5856886371014647,17.62869795376394,1.1549573678892733,-1.7448649995763201
Moderate-Severe,False,1.2172943424490175,0.5622322048363471,1.0389946896697655,0.39946640646712894,1.0405051180524107,1.3082639858428449,1.9604707562976889,0.3131351196349976,0.40730184308804773
Moderate-Severe,False,10.63365622025836,2.800251517434485,7.734546033230964,1.70491445790871,4.860043575083036,3.117192157251822,19.071584637520047,0.9175065694001939,-1.269454512645435
Moderate-Severe,True,9.647941780223096,2.886298621679402,13.228272543679852,1.870702936128023,5.515342110993961,2.8624921358243745,8.206185773383536,1.3064278369272462,2.152166842664368
Moderate-Severe,True,3.2328467090349307,0.2686303544252036,2.5800053910761447,0.5485826068106633,2.1176084986267814,1.1346400848536362,6.485942924453854,0.7689141410479139,0.47541048693088506
Severe-Severe,True,8.87787811898218,2.8965650764603432,12.391418797614648,1.7375800065510774,5.445731310590281,3.1665006696440803,9.242631093842453,1.0793400766656294,-1.6767563557334828
