file,f_GHz,port_i,port_j,recip_err_db,Sij_before,Sji_before,S_after,run_start_GHz,run_len,in_common_band
../archive/v1_mixed_projects/raw/brain_sevem_layer_Healthy.s6p,3.6,1,6,-29.556220301293354,(0.01234265266447143-0.021489807150721827j),(0.012048294923279067-0.021732089466306167j),(0.010931270929678306-0.021768446742574953j),3.6,3,True
../archive/v1_mixed_projects/raw/brain_sevem_layer_Healthy.s6p,3.605,1,6,-25.193421727301754,(0.010641768848444885-0.024640477009500613j),(0.01025173896065576-0.024145722880396854j),(0.008266112118662582-0.023768128844936662j),3.6,3,True
../archive/v1_mixed_projects/raw/brain_sevem_layer_Healthy.s6p,3.61,1,6,-29.61460644735006,(0.006718691705559317-0.026852925809971673j),(0.0069825356313753546-0.026581277829891777j),(0.00560095330764686-0.025767810947298367j),3.6,3,True
../archive/v1_mixed_projects/raw/brain_sevem_layer_Healthy.s6p,3.56,4,6,-29.56837462069776,(0.00014596793602993102-0.000609472164828835j),(0.00017552948124337673-0.0006276924977199921j),(0.0007019651695781738-0.00015289119302331423j),3.56,3,True
../archive/v1_mixed_projects/raw/brain_sevem_layer_Healthy.s6p,3.565,4,6,-3.5862367498342502,(-0.0029140346880898982-0.001722838546579741j),(-0.002663817670635837-0.0023674196029841383j),(0.0009503251514113128-2.581369384087697e-06j),3.56,3,True
../archive/v1_mixed_projects/raw/brain_sevem_layer_Healthy.s6p,3.57,4,6,-20.049720971341124,(0.0019705234146351327+0.0012106560707467213j),(0.0020569866620231423+0.0011530569828989853j),(0.0011986851332444518+0.00014772845425513884j),3.56,3,True
new_Healthy.s6p,3.43,4,5,-29.187902011356634,(-0.004695971425661131+0.005717111062182066j),(-0.004369730666987075+0.005962833031192326j),(-0.008013515132506498+0.012502111142426088j),3.43,1,True
../archive/v1_mixed_projects/raw/Brain_sevem_layer_MildAD.s6p,3.385,1,6,-26.899241244144015,(-0.007957538753864521+0.007246268485313426j),(-0.00829319521537946+0.006878166617307581j),(-0.00839302513974703+0.007916080324108649j),3.385,2,True
../archive/v1_mixed_projects/raw/Brain_sevem_layer_MildAD.s6p,3.39,1,6,-19.47901591480093,(-0.00917715757712856+0.010672368128482653j),(-0.009308355623001814+0.009509218537986766j),(-0.008091034626154493+0.009017050518493247j),3.385,2,True
../archive/v1_mixed_projects/raw/Brain_sevem_layer_MildAD.s6p,2.895,2,4,-29.70511629709079,(-0.00016568354093731937+4.307263529610525e-05j),(-0.00016505845126849156+8.110213961720682e-05j),(-0.00016506740298599047+5.7379801378319695e-05j),2.895,11,False
../archive/v1_mixed_projects/raw/Brain_sevem_layer_MildAD.s6p,2.9,2,4,-27.417478767899908,(-0.00016918643953809504+3.8341361756552236e-05j),(-0.00016538887435097613+8.769044566683907e-05j),(-0.00016636309522862934+7.021423822641315e-05j),2.895,11,False
../archive/v1_mixed_projects/raw/Brain_sevem_layer_MildAD.s6p,2.905,2,4,-24.695966013427558,(-0.00017718693572159693+2.7839555787528375e-05j),(-0.00016553925515407352+9.453766943593126e-05j),(-0.00016765878747126818+8.304867507450661e-05j),2.895,11,False
../archive/v1_mixed_projects/raw/Brain_sevem_layer_MildAD.s6p,2.91,2,4,-21.33883127027797,(-0.000199815428339558+8.10642591774462e-06j),(-0.00016549416138647964+0.0001016634529775718j),(-0.00016895447971390708+9.588311192260007e-05j),2.895,11,False
../archive/v1_mixed_projects/raw/Brain_sevem_layer_MildAD.s6p,2.915,2,4,-17.428064732864236,(-0.00027157763106731576-5.49313307511492e-06j),(-0.00016523822854436763+0.00010909232445153406j),(-0.0001702501719565459+0.00010871754877069352j),2.895,11,False
../archive/v1_mixed_projects/raw/Brain_sevem_layer_MildAD.s6p,2.92,2,4,-15.792013464078547,(-0.0003532014174477841+0.00010652056965574855j),(-0.00016475741694458966+0.00011685544629116362j),(-0.00017154586419918476+0.00012155198561878697j),2.895,11,False
../archive/v1_mixed_projects/raw/Brain_sevem_layer_MildAD.s6p,2.925,2,4,-18.717287195475627,(-0.000279416178496059+0.00019463292802563326j),(-0.00016404140724445503+0.00012499287164084404j),(-0.00017284155644182363+0.00013438642246688045j),2.895,11,False
../archive/v1_mixed_projects/raw/Brain_sevem_layer_MildAD.s6p,2.93,2,4,-22.042344539731246,(-0.00022763849340602934+0.0001989697873700603j),(-0.00016308802559461267+0.0001335561765168088j),(-0.0001741372486844625+0.00014722085931497388j),2.895,11,False
../archive/v1_mixed_projects/raw/Brain_sevem_layer_MildAD.s6p,2.935,2,4,-24.715549074951483,(-0.00020440296997852598+0.0001951286556765448j),(-0.00016191116772081373+0.0001426107663419501j),(-0.00017543294092710137+0.00016005529616306734j),2.895,11,False
../archive/v1_mixed_projects/raw/Brain_sevem_layer_MildAD.s6p,2.94,2,4,-26.936070482070505,(-0.000192260951720755+0.00019384841062209198j),(-0.00016055435105432041+0.0001522356892819613j),(-0.00017672863316974024+0.0001728897330111608j),2.895,11,False
../archive/v1_mixed_projects/raw/Brain_sevem_layer_MildAD.s6p,2.945,2,4,-28.937573532660092,(-0.00018472815567418594+0.00019522784348726129j),(-0.00015911197741952837+0.00016251548933200844j),(-0.00017802432541237908+0.00018572416985925425j),2.895,11,False
../archive/v1_mixed_projects/raw/brain_sevem_layer_SevereAD.s6p,3.276,1,3,-29.736757311601902,(0.00147788738227765-0.0010633004720364777j),(0.0014339999489953396-0.0010313422892265756j),(0.0014677998739004014-0.0010649039351081921j),3.276,8,True
../archive/v1_mixed_projects/raw/brain_sevem_layer_SevereAD.s6p,3.278,1,3,-25.11346876486,(0.0014632764643796696-0.0011212409206406804j),(0.0013902141721315975-0.001064600879675633j),(0.0014454343118404714-0.0011237967391001785j),3.276,8,True
../archive/v1_mixed_projects/raw/brain_sevem_layer_SevereAD.s6p,3.28,1,3,-17.830387014183447,(0.0014462434781302932-0.0011797358395153714j),(0.0012676218430824077-0.0010622128983188831j),(0.0014230687497805415-0.0011826895430921648j),3.276,8,True
../archive/v1_mixed_projects/raw/brain_sevem_layer_SevereAD.s6p,3.282,1,3,-8.023912464929879,(0.001426704213544262-0.0012386809878865662j),(0.0012076434078630758-0.0018625887139536647j),(0.0014007031877206113-0.0012415823470841507j),3.276,8,True
../archive/v1_mixed_projects/raw/brain_sevem_layer_SevereAD.s6p,3.284,1,3,-19.659850399013838,(0.0014045799822280873-0.0012979650474190276j),(0.0014630129700971546-0.0014610187270081554j),(0.0013783376256606811-0.001300475151076137j),3.276,8,True
../archive/v1_mixed_projects/raw/brain_sevem_layer_SevereAD.s6p,3.286,1,3,-24.57815170616538,(0.0013797980577180877-0.001357470160461374j),(0.001414696860911179-0.0014493905370205522j),(0.0013559720636007514-0.0013593679550681233j),3.276,8,True
../archive/v1_mixed_projects/raw/brain_sevem_layer_SevereAD.s6p,3.288,1,3,-27.62454425049242,(0.0013522920362799618-0.0014170724679090241j),(0.0013742897127888667-0.001482721071499664j),(0.0013336065015408212-0.0014182607590601094j),3.276,8,True
../archive/v1_mixed_projects/raw/brain_sevem_layer_SevereAD.s6p,3.29,1,3,-29.87017039986135,(0.0013220021266287007-0.0014766426364252586j),(0.0013361250432538897-0.0015282062711754261j),(0.0013112409394808913-0.0014771535630520955j),3.276,8,True
../archive/v1_mixed_projects/raw/brain_sevem_layer_SevereAD.s6p,3.712,2,4,-26.867108576231345,(0.0008252595051793935+0.00016717999021742194j),(0.0008925680146729928+0.0002006919433859364j),(0.0008250784798737816+0.00021612920014844306j),3.712,3,True
../archive/v1_mixed_projects/raw/brain_sevem_layer_SevereAD.s6p,3.714,2,4,-16.571224792674943,(0.0007560627177670264+0.00010070347393011044j),(0.0009889694286711798+0.00017992010324566804j),(0.0008262281804383221+0.0001694019054632278j),3.712,3,True
../archive/v1_mixed_projects/raw/brain_sevem_layer_SevereAD.s6p,3.716,2,4,-21.06881924508229,(0.0007743250017459444+0.0001335802241290007j),(0.0009036783190594117+0.00020252375615745845j),(0.0008273778810028626+0.00012267461077801256j),3.712,3,True
../archive/v1_mixed_projects/raw/brain_sevem_layer_SevereAD.s6p,3.904,2,6,-26.009567135074594,(-0.0005070530527103112+0.00011257569717911633j),(-0.0005125160031081968+0.0001908713879238148j),(-0.00048219381675341036+0.00014979177107389075j),3.904,4,True
../archive/v1_mixed_projects/raw/brain_sevem_layer_SevereAD.s6p,3.906,2,6,-18.35215810463476,(-0.0005383236734833758+3.332324391617434e-05j),(-0.0004939798656377809+0.00021758597473981107j),(-0.0004627745464789321+0.00017828137344895803j),3.904,4,True
../archive/v1_mixed_projects/raw/brain_sevem_layer_SevereAD.s6p,3.908,2,6,-12.661656176547664,(-0.00015223264377661587+0.000409482790055964j),(-0.00047208861745453966+0.00023383306696217462j),(-0.0004433552762044538+0.00020677097582402537j),3.904,4,True
../archive/v1_mixed_projects/raw/brain_sevem_layer_SevereAD.s6p,3.91,2,6,-26.158472172601485,(-0.00038628342985854753+0.00028094667592758877j),(-0.00045370212354454146+0.00024343466807649525j),(-0.0004239360059299755+0.00023526057819909268j),3.904,4,True
../archive/v1_mixed_projects/raw/brain_sevem_layer_SevereAD.s6p,3.502,3,5,-24.834867439209866,(0.00023144099830513937+0.0021115959177720003j),(0.00030416468599552324+0.002059873186900521j),(0.0004499973591874481+0.0021061421405365304j),3.502,3,True
../archive/v1_mixed_projects/raw/brain_sevem_layer_SevereAD.s6p,3.504,3,5,-18.556253158349605,(0.00026285829577257476+0.0024014170559560444j),(0.00024354577910362974+0.0022185705709687224j),(0.0006315905812081737+0.0021485096423509518j),3.502,3,True
../archive/v1_mixed_projects/raw/brain_sevem_layer_SevereAD.s6p,3.506,3,5,-19.835108515673177,(0.0007750088908804818+0.002494002254050535j),(0.0006263887882211872+0.0025496347032043444j),(0.0008131838032288993+0.002190877144165373j),3.502,3,True
new_SevereAD.s6p,3.505,2,5,-28.462131373049353,(0.002382096328153777-0.0025564302848243964j),(0.002335218688328083-0.0026058639041586324j),(0.002395650595297904-0.002262874343871877j),3.505,6,True
new_SevereAD.s6p,3.51,2,5,-18.74484002498099,(0.0017790675415324307-0.002759022299347347j),(0.0016590348617842737-0.002588496307863588j),(0.0020541910995402397-0.0023634066819212133j),3.505,6,True
new_SevereAD.s6p,3.515,2,5,-20.675277143735805,(0.0014021629903780762-0.0026299935722107373j),(0.0015147630035484854-0.0025066944054288904j),(0.0017127316037825757-0.0024639390199705504j),3.505,6,True
new_SevereAD.s6p,3.52,2,5,-24.193124668758227,(0.0012061927807508115-0.002646134424150082j),(0.0013165149011810367-0.002630898320361918j),(0.0013712721080249117-0.002564471358019887j),3.505,6,True
new_SevereAD.s6p,3.525,2,5,-26.943331880457638,(0.0009631043805355897-0.0027341052161460465j),(0.001041099361897776-0.0027564901756505144j),(0.0010298126122672475-0.002665003696069224j),3.505,6,True
new_SevereAD.s6p,3.53,2,5,-29.021628236953024,(0.000671212960174391-0.0028151555093587225j),(0.0007245403164039965-0.0028503177247402724j),(0.0006883531165095835-0.002765536034118561j),3.505,6,True
