class,port,f_res_MHz,min_dB,shoulder_pow_dB
Normal,1,3623.159835651972,-29.08778912033659,-8.923676121329773
Normal,2,3623.364496699672,-27.45399024402053,-9.00058165258891
Normal,3,3624.1883252101647,-30.417614079123506,-8.739239749342062
Normal,4,3622.1827967042423,-30.80711137894823,-8.962108729390044
Normal,5,3624.9952931590824,-30.781440420299756,-9.118022239683313
Normal,6,3625.3299206947945,-31.107036666953096,-9.009575274439687
Normal,1,3639.6450525648743,-37.659668201477714,-10.31830100981433
Normal,2,3639.943250994002,-39.274106819419366,-10.284701220076023
Normal,3,3639.6663600906986,-37.86097130910208,-10.25909624990784
Normal,4,3638.767826104437,-33.850254028401366,-10.303097599055121
Normal,5,3639.8120142897315,-37.103619003461446,-10.347123111980238
Normal,6,3644.131595462245,-35.76835468839,-10.333935675289403
MCI,1,3654.5418513003306,-20.659392880237128,-11.019141022292775
MCI,2,3655.5021894333895,-21.178398055588872,-10.914544593448412
MCI,3,3656.4436005606667,-20.416683547465603,-11.042407257475837
MCI,4,3655.5059123104843,-20.559074825368086,-10.932098863867203
MCI,5,3655.927078955492,-21.22698345249107,-10.884181171699819
MCI,6,3655.316130085767,-20.610487672662675,-10.907076151517812
Mild,1,3633.7193898805504,-34.46573374017733,-8.10615070214717
Mild,2,3624.0078945239566,-36.548680464412236,-8.3551485359409
Mild,3,3633.0786258278886,-34.524334190549844,-8.185840112692278
Mild,4,3618.1339365426375,-34.36850069045387,-7.969743308942708
Mild,5,3625.709212620031,-36.54375332636509,-8.322182229336367
Mild,6,3625.3601208728865,-38.29766272019541,-8.181559346676627
Mild,1,3655.6023127970593,-20.631950865364587,-9.846362838801207
Mild,2,3654.4281699672056,-20.98015648358196,-10.044474653973177
Mild,3,3656.4496648449663,-20.515701993981157,-9.659608953540555
Mild,4,3653.47444211294,-19.493760087762773,-9.9614784058354
Mild,5,3653.0661724181336,-19.74217952328425,-10.297738509262608
Mild,6,3651.9138185143765,-19.729806797671984,-10.190668919626326
Moderate,1,3629.6215948217587,-37.17103962284752,-8.056316218302074
Moderate,2,3625.3677175304438,-40.72042727311488,-8.47312688658787
Moderate,3,3626.6645113844365,-34.9084511064799,-8.204014500331741
Moderate,4,3624.4911609268365,-39.92460189944162,-8.051026484457633
Moderate,5,3629.9603282989137,-39.10522610150052,-8.591240559768755
Moderate,6,3629.9902867499427,-40.676379282731475,-8.132664610543841
Moderate,1,3646.3279177083145,-26.955451295759687,-9.931290928907208
Moderate,2,3648.5229827316134,-26.179770990357266,-10.030067628804417
Moderate,3,3646.8003325537957,-26.376413585930877,-10.03126804872328
Moderate,4,3646.396688414748,-26.429977240161957,-9.906479508695632
Moderate,5,3647.835816025063,-25.51949805243145,-10.088825329140699
Moderate,6,3648.124306870932,-26.363706498328625,-9.983855271571429
Severe,1,3628.1368542554596,-48.85580991336258,-7.848695329334253
Severe,2,3630.032120057818,-40.36985464096182,-8.04939331530478
Severe,3,3628.026626531692,-47.86594873766306,-7.652567003213831
Severe,4,3626.4736591080073,-41.970937218754315,-8.029881081139028
Severe,5,3625.8547781633447,-49.16315742387216,-7.772663876107256
Severe,6,3634.006430212493,-43.00174861962464,-7.786131209829073
Severe,1,3646.762913207867,-27.2698715636332,-9.439660491148224
Severe,2,3649.675766577939,-26.846792131333807,-9.565732612340957
Severe,3,3647.4126306183216,-26.32151044286635,-9.510270675977226
Severe,4,3647.647454211204,-26.0361871292822,-9.583551211339147
Severe,5,3648.8549765996136,-27.575258282262357,-9.533741705564058
Severe,6,3649.042616379449,-26.619999010959084,-9.48488287566446
