statistic,frequencies,informative (C6),yardstick,floor 9,floor 11,set by,ruler 9,ruler 11,ruler 11 / ruler 9,LeftOnly_test_c3 / ruler 9,RightOnly_test / ruler 9,Test_B / ruler 9,LeftOnly_test_c3 / ruler 11,RightOnly_test / ruler 11,Test_B / ruler 11
phase cross-ratio T1T2·T3T4 / T1T3·T2T4,band mean 3.2-4.2,True,1.4983918167084318,2.930789768879739,2.930789768879739,Healthy_sliced,2.930789768879739,2.930789768879739,1.0,3.502791556995339,3.0316176822500394,0.24275716404948355,3.502791556995339,3.0316176822500394,0.24275716404948355
phase cross-ratio T1T2·T3T4 / T1T3·T2T4,3.30-3.65 GHz,True,1.811965331649029,4.147993811864376,4.147993811864376,Healthy_sliced,4.147993811864376,4.147993811864376,1.0,3.7897437610537756,4.007143728493088,1.0145627733017297,3.7897437610537756,4.007143728493088,1.0145627733017297
phase cross-ratio T1T2·T3T4 / T1T4·T2T3,band mean 3.2-4.2,False,0.724224419053862,1.592041017225207,1.592041017225207,Severe_lobe,1.592041017225207,1.592041017225207,1.0,0.09492463237580528,0.6883192624635942,0.0770145168268969,0.09492463237580528,0.6883192624635942,0.0770145168268969
phase cross-ratio T1T2·T3T4 / T1T4·T2T3,3.30-3.65 GHz,False,0.37724350583190264,1.778876756206165,1.778876756206165,Severe_lobe_c3,1.778876756206165,1.778876756206165,1.0,0.33319431570764235,0.7377947036809441,1.0665396993086282,0.33319431570764235,0.7377947036809441,1.0665396993086282
phase cross-ratio T1T3·T2T4 / T1T4·T2T3,band mean 3.2-4.2,True,1.4640123121761772,2.5102928641266953,2.5102928641266953,Healthy_sliced,2.5102928641266953,2.5102928641266953,1.0,4.029339322920716,3.1029055210316496,0.23457818465063607,4.029339322920716,3.1029055210316496,0.23457818465063607
phase cross-ratio T1T3·T2T4 / T1T4·T2T3,3.30-3.65 GHz,True,1.7019792744368347,3.7372670987208396,3.7372670987208396,Mild_lobe,3.7372670987208396,3.7372670987208396,1.0,4.047642741688956,4.0963519961017285,0.6184084154764711,4.047642741688956,4.0963519961017285,0.6184084154764711
phase cross-ratio T1T2·T3T5 / T1T3·T2T5,band mean 3.2-4.2,True,1.5113868025043788,2.051220173490656,2.051220173490656,Mild_lobe,2.051220173490656,2.051220173490656,1.0,2.49068390325492,1.417248588274388,0.8005679181755546,2.49068390325492,1.417248588274388,0.8005679181755546
phase cross-ratio T1T2·T3T5 / T1T3·T2T5,3.30-3.65 GHz,False,1.1630971275224509,3.667359303588131,5.704657160413873,Null_rot19,3.667359303588131,5.704657160413873,1.5555217496230755,1.9665021772201396,1.4812670658413318,0.8181898042644854,1.2642074453132208,0.9522638087190124,0.5259905909144273
phase cross-ratio T1T2·T3T5 / T1T5·T2T3,band mean 3.2-4.2,False,0.7970640807373005,2.7678940637402802,2.7678940637402802,Moderate_lobe,2.7678940637402802,2.7678940637402802,1.0,1.741610429389895,0.8436925000869437,0.11397163092715767,1.741610429389895,0.8436925000869437,0.11397163092715767
phase cross-ratio T1T2·T3T5 / T1T5·T2T3,3.30-3.65 GHz,True,1.1037346855008812,3.4378905562080497,4.5205888178093785,Null_rot07,3.4378905562080497,4.5205888178093785,1.314930985701747,2.4727184342155586,1.3707881503913648,1.8827917706182267,1.8804929392518102,1.0424791607293429,1.4318559613327737
phase cross-ratio T1T3·T2T5 / T1T5·T2T3,band mean 3.2-4.2,True,1.7654980376481455,3.8842598765073757,4.479842814524241,Null_rot07,3.8842598765073757,4.479842814524241,1.153332412596553,2.556351673856016,1.3496368740513311,0.3415527553542457,2.2164916601110503,1.1702063163323646,0.29614424395243644
phase cross-ratio T1T3·T2T5 / T1T5·T2T3,3.30-3.65 GHz,True,1.6738023389297123,6.188856005897078,9.183701118785669,Null_rot19,6.188856005897078,9.183701118785669,1.483909321857697,2.538886894982498,1.6392299614238253,0.5610465089890259,1.7109447710754193,1.1046698994866366,0.37808678786831473
phase cross-ratio T1T2·T3T6 / T1T3·T2T6,band mean 3.2-4.2,True,1.5113868025043782,2.051220173490656,2.051220173490656,Mild_lobe,2.051220173490656,2.051220173490656,1.0,2.4906839032549204,1.417248588274388,0.8005679181755544,2.4906839032549204,1.417248588274388,0.8005679181755544
phase cross-ratio T1T2·T3T6 / T1T3·T2T6,3.30-3.65 GHz,False,1.1630971275224518,3.667359303588131,5.704657160413875,Null_rot19,3.667359303588131,5.704657160413875,1.555521749623076,1.9665021772201403,1.481267065841332,0.8181898042644853,1.2642074453132206,0.9522638087190123,0.525990590914427
phase cross-ratio T1T2·T3T6 / T1T6·T2T3,band mean 3.2-4.2,False,1.9240562306118378,2.094594611169782,2.094594611169782,Moderate_lobe_c3,2.094594611169782,2.094594611169782,1.0,0.13766286695803878,0.2730062559396024,0.934597298326819,0.13766286695803878,0.2730062559396024,0.934597298326819
phase cross-ratio T1T2·T3T6 / T1T6·T2T3,3.30-3.65 GHz,False,1.439470511456585,2.9105900736819015,2.9105900736819015,Severe_lobe_c3,2.9105900736819015,2.9105900736819015,1.0,0.4428879592672965,0.2472759474882297,3.2548135596095955,0.4428879592672965,0.2472759474882297,3.2548135596095955
phase cross-ratio T1T2·T4T5 / T1T4·T2T5,band mean 3.2-4.2,False,1.5715424903030184,1.7672359356947607,1.7672359356947607,Mild_lobe,1.7672359356947607,1.7672359356947607,1.0,0.07764893652823872,0.29650543863319273,1.0383402453038018,0.07764893652823872,0.29650543863319273,1.0383402453038018
phase cross-ratio T1T2·T4T5 / T1T4·T2T5,3.30-3.65 GHz,False,1.1003856517297712,1.3535945422835505,1.3535945422835505,Moderate_lobe_c3,1.3535945422835505,1.3535945422835505,1.0,1.390207231727134,0.4378910467609988,5.597086218176148,1.390207231727134,0.4378910467609988,5.597086218176148
phase cross-ratio T1T2·T4T5 / T1T5·T2T4,band mean 3.2-4.2,False,1.916834285202671,3.239762854144523,4.305405920314671,Null_rot07,3.239762854144523,4.305405920314671,1.3289262560705348,0.09954787371556417,0.6243871093538063,0.33865826730208487,0.07490850095016899,0.469843308837948,0.2548360119721422
phase cross-ratio T1T2·T4T5 / T1T5·T2T4,3.30-3.65 GHz,False,2.8552081520942068,4.949571410310568,8.916288430484498,Null_rot07,4.949571410310568,8.916288430484498,1.801426364293031,0.49851998877810194,0.9236105589814664,2.699138517581681,0.276736256701642,0.5127106926426809,1.4983340818601578
phase cross-ratio T1T2·T4T6 / T1T4·T2T6,band mean 3.2-4.2,False,1.0516073966945614,2.7466288460992785,2.7466288460992785,Severe_lobe_c3,2.7466288460992785,2.7466288460992785,1.0,1.9275369470233652,1.9856887954256532,0.3292477412704189,1.9275369470233652,1.9856887954256532,0.3292477412704189
phase cross-ratio T1T2·T4T6 / T1T4·T2T6,3.30-3.65 GHz,True,2.0905583263201426,3.2905576103086855,3.951415388716841,Null_rot07,3.2905576103086855,3.951415388716841,1.2008345869216253,2.01369721410759,3.220287610167078,2.6694531786127627,1.676914735833652,2.6817079098482495,2.222998244459284
phase cross-ratio T1T2·T4T6 / T1T6·T2T4,band mean 3.2-4.2,False,2.103214793389122,5.493257692198557,5.493257692198557,Severe_lobe_c3,5.493257692198557,5.493257692198557,1.0,1.9275369470233652,1.9856887954256535,0.32924774127041867,1.9275369470233652,1.9856887954256535,0.32924774127041867
phase cross-ratio T1T2·T4T6 / T1T6·T2T4,3.30-3.65 GHz,True,4.181116652640286,6.581115220617371,7.902830777433682,Null_rot07,6.581115220617371,7.902830777433682,1.2008345869216253,2.01369721410759,3.2202876101670785,2.6694531786127627,1.676914735833652,2.68170790984825,2.222998244459284
phase cross-ratio T1T2·T5T6 / T1T5·T2T6,band mean 3.2-4.2,False,0.7970640807372996,2.7678940637402816,2.7678940637402816,Moderate_lobe,2.7678940637402816,2.7678940637402816,1.0,1.7416104293898942,0.8436925000869435,0.11397163092715784,1.7416104293898942,0.8436925000869435,0.11397163092715784
phase cross-ratio T1T2·T5T6 / T1T5·T2T6,3.30-3.65 GHz,True,1.1037346855008785,3.4378905562080475,4.5205888178093785,Null_rot07,3.4378905562080475,4.5205888178093785,1.314930985701748,2.47271843421556,1.3707881503913661,1.8827917706182282,1.8804929392518102,1.042479160729343,1.431855961332774
phase cross-ratio T1T3·T4T5 / T1T4·T3T5,band mean 3.2-4.2,True,0.9526966109009278,2.1788800384560196,2.3657861564420326,Null_rot07,2.1788800384560196,2.3657861564420326,1.0857808207369033,2.281776412375036,1.5747007181874957,0.08850929264767313,2.101507384175775,1.4502933631842654,0.08151672138360593
phase cross-ratio T1T3·T4T5 / T1T4·T3T5,3.30-3.65 GHz,True,1.2321452569377132,2.4460735756731418,5.107028587510489,Null_rot19,2.4460735756731418,5.107028587510489,2.0878474949818595,3.7176506328764285,2.463157913949651,1.8705853382125817,1.7806140734952147,1.1797594986558404,0.895939642482764
phase cross-ratio T1T3·T4T5 / T1T5·T3T4,band mean 3.2-4.2,True,1.9053932218018557,4.357760076912039,4.731572312884065,Null_rot07,4.357760076912039,4.731572312884065,1.0857808207369033,2.281776412375036,1.5747007181874955,0.08850929264767327,2.101507384175775,1.4502933631842652,0.08151672138360606
phase cross-ratio T1T3·T4T5 / T1T5·T3T4,3.30-3.65 GHz,True,2.4642905138754214,4.892147151346285,10.214057175020978,Null_rot19,4.892147151346285,10.214057175020978,2.0878474949818586,3.717650632876427,2.46315791394965,1.870585338212581,1.7806140734952147,1.1797594986558404,0.895939642482764
phase cross-ratio T1T3·T4T6 / T1T4·T3T6,band mean 3.2-4.2,False,1.9990901858205945,3.3351649719785454,3.825192198992822,Null_rot07,3.3351649719785454,3.825192198992822,1.1469274327151422,0.05555572633687453,0.763638755854934,0.22122435517396533,0.048438745776057036,0.6658126173224038,0.1928843524565952
phase cross-ratio T1T3·T4T6 / T1T4·T3T6,3.30-3.65 GHz,False,1.7548225003644355,3.8178580928348307,7.719861412757557,Null_rot07,3.8178580928348307,7.719861412757557,2.022039904323792,0.1534062681676535,1.3526441325040535,1.5148267276697935,0.07586708246440636,0.6689502663185092,0.7491576820173486
phase cross-ratio T2T3·T4T5 / T2T4·T3T5,band mean 3.2-4.2,True,1.11977020446537,1.280617381736274,1.7111355409106122,Null_rot07,1.280617381736274,1.7111355409106122,1.3361801622516143,4.016113435346421,3.403137961625355,0.610417354257922,3.005667610405783,2.546915496702693,0.4568376118002679
phase cross-ratio T2T3·T4T5 / T2T4·T3T5,3.30-3.65 GHz,True,1.751473466593327,1.5116808541025195,4.395699612675117,Null_rot07,1.751473466593327,4.395699612675117,2.5097152177959603,3.4447995840679733,5.300734627653752,3.9319732344964677,1.372585845454293,2.1120861004735323,1.5667009573897148
phase cross-ratio T2T3·T4T5 / T2T5·T3T4,band mean 3.2-4.2,False,1.2190287499942012,2.0067315627915923,2.0067315627915923,MCI_lobe_c3,2.0067315627915923,2.0067315627915923,1.0,0.006926645069948593,0.8071969341113046,0.8533188778307111,0.006926645069948593,0.8071969341113046,0.8533188778307111
phase cross-ratio T2T3·T4T5 / T2T5·T3T4,3.30-3.65 GHz,False,0.7904881749457104,2.142040560580543,2.142040560580543,MCI_lobe_c3,2.142040560580543,2.142040560580543,1.0,1.155201535656575,0.8894195634298447,2.651183540335649,1.155201535656575,0.8894195634298447,2.651183540335649
phase cross-ratio T2T4·T3T5 / T2T5·T3T4,band mean 3.2-4.2,False,1.112912129527672,3.1068705753487413,3.1068705753487413,Severe_lobe_c3,3.1068705753487413,3.1068705753487413,1.0,1.6598710710813762,1.9241049944614215,0.29955250105265824,1.6598710710813762,1.9241049944614215,0.29955250105265824
phase cross-ratio T2T4·T3T5 / T2T5·T3T4,3.30-3.65 GHz,True,1.0017261475570836,2.1588442928329465,2.754988370989899,Null_rot07,2.1588442928329465,2.754988370989899,1.2761403775789042,3.940980663817821,5.182990209704022,0.5594679146814617,3.088203095097309,4.061457736755576,0.4384062478634876
phase cross-ratio T2T3·T4T6 / T2T4·T3T6,band mean 3.2-4.2,True,2.2326823339930417,4.350572379778434,4.350572379778434,Severe_lobe_c3,4.350572379778434,4.350572379778434,1.0,2.3675296863970563,2.375793784128267,0.03423912173231115,2.3675296863970563,2.375793784128267,0.03423912173231115
phase cross-ratio T2T3·T4T6 / T2T4·T3T6,3.30-3.65 GHz,True,2.7416461411837,3.670525146935468,7.150687983665016,Null_rot07,3.670525146935468,7.150687983665016,1.9481375817940236,3.9616779892151324,5.577775404947122,2.2052841438689206,2.033571974709741,2.8631321817684943,1.1319960994942115
phase cross-ratio T2T3·T4T6 / T2T6·T3T4,band mean 3.2-4.2,True,1.1197702044653697,1.2806173817362738,1.711135540910613,Null_rot07,1.2806173817362738,1.711135540910613,1.3361801622516152,4.016113435346422,3.403137961625356,0.6104173542579219,3.0056676104057813,2.5469154967026917,0.45683761180026755
phase cross-ratio T2T3·T4T6 / T2T6·T3T4,3.30-3.65 GHz,True,1.7514734665933274,1.5116808541025204,4.395699612675117,Null_rot07,1.7514734665933274,4.395699612675117,2.50971521779596,3.4447995840679724,5.3007346276537515,3.931973234496467,1.372585845454293,2.1120861004735327,1.5667009573897148
phase cross-ratio T2T4·T3T6 / T2T6·T3T4,band mean 3.2-4.2,False,1.1129121295276732,3.1068705753487413,3.1068705753487413,Severe_lobe_c3,3.1068705753487413,3.1068705753487413,1.0,1.6598710710813762,1.9241049944614215,0.29955250105265857,1.6598710710813762,1.9241049944614215,0.29955250105265857
phase cross-ratio T2T4·T3T6 / T2T6·T3T4,3.30-3.65 GHz,True,1.0017261475570822,2.158844292832948,2.7549883709899,Null_rot07,2.158844292832948,2.7549883709899,1.276140377578904,3.9409806638178178,5.18299020970402,0.5594679146814611,3.088203095097307,4.061457736755575,0.43840624786348714
"power LR index, all paths",band mean 3.2-4.2,False,0.06357289091860707,0.09943684828175492,0.11633647344107345,Null_rot07,0.09943684828175492,0.11633647344107345,1.1699533467858247,0.14858587439317672,0.6961210094476626,0.1763170191811747,0.1270015379684856,0.5949989470606615,0.15070431625804978
"power LR index, neighbour paths",band mean 3.2-4.2,False,0.06329193555672674,0.1216911946777941,0.1216911946777941,Severe_lobe,0.1216911946777941,0.1216911946777941,1.0,0.029661354374731323,0.2520485577182942,0.2049265632642755,0.029661354374731323,0.2520485577182942,0.2049265632642755
"power LR index, second-neighbour paths",band mean 3.2-4.2,False,0.19113001970032428,0.18510894604459338,0.21277546584030205,Null_rot07,0.19113001970032428,0.21277546584030205,1.1132498504102915,0.22158510820518934,0.6646892154687668,0.42503872128075165,0.19904346551093047,0.597071012606733,0.3817999356785024
power pair T1-T2 vs T1-T6,band mean 3.2-4.2,False,0.091721230088055,0.12722856730236032,0.12722856730236032,MCI_lobe_c3,0.12722856730236032,0.12722856730236032,1.0,0.6471080459465965,0.3829691725107483,0.2446670509006152,0.6471080459465965,0.3829691725107483,0.2446670509006152
power pair T1-T3 vs T1-T5,band mean 3.2-4.2,False,0.1566948556575909,0.49509664854870294,0.49509664854870294,Moderate_lobe_c3,0.49509664854870294,0.49509664854870294,1.0,0.21885799041273435,0.019161063198601534,0.7514234655963151,0.21885799041273435,0.019161063198601534,0.7514234655963151
power pair T2 refl. vs T6 refl.,band mean 3.2-4.2,True,0.008744771757971392,0.017140045495505518,0.017140045495505518,Severe_lobe,0.017140045495505518,0.017140045495505518,1.0,3.528081378988666,4.0919836431854275,3.839285656430327,3.528081378988666,4.0919836431854275,3.839285656430327
power pair T2-T3 vs T5-T6,band mean 3.2-4.2,False,0.11466218210190249,0.2945033501366012,0.2945033501366012,Severe_lobe,0.2945033501366012,0.2945033501366012,1.0,0.34992731116116926,0.22243374203134073,0.5282596389352908,0.34992731116116926,0.22243374203134073,0.5282596389352908
power pair T2-T4 vs T4-T6,band mean 3.2-4.2,False,0.24818811919305972,0.30122214033173833,0.743177500979975,Null_rot19,0.30122214033173833,0.743177500979975,2.467207424266715,0.6409189893609317,0.8120171619942752,1.7744464507573412,0.25977507324963606,0.3291239941998865,0.719212512618281
power pair T2-T5 vs T3-T6,band mean 3.2-4.2,False,0.11745706929425381,0.2087500915236049,0.2087500915236049,Moderate_lobe_c3,0.2087500915236049,0.2087500915236049,1.0,0.7225234898830367,1.6001897411185584,2.0591690722107905,0.7225234898830367,1.6001897411185584,2.0591690722107905
power pair T3 refl. vs T5 refl.,band mean 3.2-4.2,True,0.011827614857967461,0.013647656702889144,0.013647656702889144,Moderate_lobe,0.013647656702889144,0.013647656702889144,1.0,4.999759260537854,5.317835794002057,4.971445456775792,4.999759260537854,5.317835794002057,4.971445456775792
power pair T3-T4 vs T4-T5,band mean 3.2-4.2,False,0.08072749005822288,0.09219005208159814,0.12850147634485154,Null_rot19,0.09219005208159814,0.12850147634485154,1.3938757321789326,1.8934452701416284,0.8160686055144271,2.1613923137215476,1.358403210867126,0.5854672598673724,1.5506348692525256
power cross-ratio T1T2·T3T4 / T1T3·T2T4,band mean 3.2-4.2,False,0.48564685762784165,0.47237326434319726,0.498652923478474,Null_rot19,0.48564685762784165,0.498652923478474,1.0267809121923714,0.01549079579356309,0.46860251232937306,0.8089475315159694,0.015086758635284046,0.45638023337307476,0.7878482370583939
power cross-ratio T1T2·T3T4 / T1T4·T2T3,band mean 3.2-4.2,False,0.17958156104120526,0.2698956398014456,0.2698956398014456,Moderate_lobe_c3,0.2698956398014456,0.2698956398014456,1.0,0.7235424554368984,0.14449545807896721,1.4300406705913256,0.7235424554368984,0.14449545807896721,1.4300406705913256
power cross-ratio T1T3·T2T4 / T1T4·T2T3,band mean 3.2-4.2,False,0.3991502104027056,0.40682699295538427,0.44994639954368054,Null_rot19,0.40682699295538427,0.44994639954368054,1.1059895418321593,0.4615177972100369,0.46353031324871197,0.016963193334505248,0.4172894767571636,0.419109128718195,0.015337571191138367
power cross-ratio T1T2·T3T5 / T1T3·T2T5,band mean 3.2-4.2,False,0.17705449130655282,0.30506090859303114,0.5170091874729383,Null_rot19,0.30506090859303114,0.5170091874729383,1.6947736432617082,0.5797270893951304,0.9041753624677945,2.526545721465093,0.342067562650671,0.5335080387063649,1.4907865315881257
power cross-ratio T1T2·T3T5 / T1T5·T2T3,band mean 3.2-4.2,False,0.1509256984906819,0.4385342089825506,0.4385342089825506,Severe_lobe_c3,0.4385342089825506,0.4385342089825506,1.0,0.19982870184546392,0.2388537109155644,1.2740855782140275,0.19982870184546392,0.2388537109155644,1.2740855782140275
power cross-ratio T1T3·T2T5 / T1T5·T2T3,band mean 3.2-4.2,False,0.3279801897972323,0.6432908092716492,0.8812187496832422,Null_rot19,0.6432908092716492,0.8812187496832422,1.3698606244366858,0.4111418825058944,0.5916050335176695,2.0666865210081484,0.30013409771155675,0.4318724277230389,1.5086837917237101
power cross-ratio T1T2·T3T6 / T1T3·T2T6,band mean 3.2-4.2,False,0.17705449130655282,0.30506090859303114,0.5170091874729401,Null_rot19,0.30506090859303114,0.5170091874729401,1.694773643261714,0.5797270893951421,0.9041753624677829,2.526545721465093,0.3420675626506767,0.5335080387063562,1.4907865315881206
power cross-ratio T1T2·T3T6 / T1T6·T2T3,band mean 3.2-4.2,False,0.23651237571337447,0.36475200878950176,0.36475200878950176,MCI_lobe_c3,0.36475200878950176,0.36475200878950176,1.0,0.24460550944505416,0.4690393206900426,0.5812722536537726,0.24460550944505416,0.4690393206900426,0.5812722536537726
power cross-ratio T1T2·T4T5 / T1T4·T2T5,band mean 3.2-4.2,False,0.15840312148476343,0.24187680325155725,0.24187680325155725,Mild_lobe,0.24187680325155725,0.24187680325155725,1.0,0.4384901800288971,0.8685484747005306,2.472258421917516,0.4384901800288971,0.8685484747005306,2.472258421917516
power cross-ratio T1T2·T4T5 / T1T5·T2T4,band mean 3.2-4.2,False,0.3334689779996438,0.657041698821196,1.1296590000294913,Null_rot19,0.657041698821196,1.1296590000294913,1.7193109692371458,0.849721252032058,0.5464934666673712,1.123824510628416,0.4942219687047523,0.31785609261240805,0.6536481943851346
power cross-ratio T1T2·T4T6 / T1T4·T2T6,band mean 3.2-4.2,False,0.3395335187821775,0.4284507076341022,0.8141559617539844,Null_rot19,0.4284507076341022,0.8141559617539844,1.900232505740836,0.6427568315871424,0.6846112316659752,1.3201779949828254,0.33825167691074376,0.3602776131855867,0.6947455066653188
power cross-ratio T1T2·T4T6 / T1T6·T2T4,band mean 3.2-4.2,False,0.6790670375643537,0.8569014152682053,1.6283119235079682,Null_rot19,0.8569014152682053,1.6283119235079682,1.9002325057408334,0.642756831587138,0.6846112316659769,1.3201779949828243,0.338251676910742,0.36027761318558815,0.6947455066653192
power cross-ratio T1T2·T5T6 / T1T5·T2T6,band mean 3.2-4.2,False,0.15092569849068127,0.4385342089825528,0.4385342089825528,Severe_lobe_c3,0.4385342089825528,0.4385342089825528,1.0,0.19982870184545531,0.23885371091556776,1.274085578214013,0.19982870184545531,0.23885371091556776,1.274085578214013
power cross-ratio T1T3·T4T5 / T1T4·T3T5,band mean 3.2-4.2,False,0.2374223457158262,0.5448165905137916,0.5448165905137916,Moderate_lobe_c3,0.5448165905137916,0.5448165905137916,1.0,0.5192805809431346,0.12067699518891645,0.3171129009193687,0.5192805809431346,0.12067699518891645,0.3171129009193687
power cross-ratio T1T3·T4T5 / T1T5·T3T4,band mean 3.2-4.2,False,0.4748446914316515,1.0896331810275817,1.0896331810275817,Moderate_lobe_c3,1.0896331810275817,1.0896331810275817,1.0,0.5192805809431351,0.12067699518891917,0.3171129009193707,0.5192805809431351,0.12067699518891917,0.3171129009193707
power cross-ratio T1T3·T4T6 / T1T4·T3T6,band mean 3.2-4.2,False,0.1750658565148946,0.4172860169004382,1.3311651492269228,Null_rot19,0.4172860169004382,1.3311651492269228,3.1900545316967337,1.0837691023443525,1.3639343309200693,3.20255526286709,0.33973372291160014,0.4275583120501131,1.003918657517026
power cross-ratio T2T3·T4T5 / T2T4·T3T5,band mean 3.2-4.2,False,0.26142426455356116,0.38212074810885355,0.7654494378191927,Null_rot19,0.38212074810885355,0.7654494378191927,2.003161151566524,1.2317325756143933,0.6655578735611453,0.4701902613538192,0.6148944006083318,0.33225378449490284,0.234724131399073
power cross-ratio T2T3·T4T5 / T2T5·T3T4,band mean 3.2-4.2,False,0.24490406215780425,0.5096513217222043,0.5096513217222043,Moderate_lobe_c3,0.5096513217222043,0.5096513217222043,1.0,0.5912700391278272,0.4887271199347107,1.9306213163767731,0.5912700391278272,0.4887271199347107,1.9306213163767731
power cross-ratio T2T4·T3T5 / T2T5·T3T4,band mean 3.2-4.2,False,0.3085923663212995,0.321804689148216,1.0156621109514106,Null_rot19,0.321804689148216,1.0156621109514106,3.1561445348722663,0.5261856711155359,1.5643149778941552,3.61589870905384,0.16671786266494015,0.4956411091475775,1.1456695563532489
power cross-ratio T2T3·T4T6 / T2T4·T3T6,band mean 3.2-4.2,False,0.47032023100818066,0.532506156331852,1.7811115487706033,Null_rot19,0.532506156331852,1.7811115487706033,3.344771750696219,1.2018632685864157,1.422945742009103,2.5225672952472284,0.35932594453903954,0.4254238698688228,0.754182193365557
power cross-ratio T2T3·T4T6 / T2T6·T3T4,band mean 3.2-4.2,False,0.2614242645535657,0.3821207481088546,0.7654494378191906,Null_rot19,0.3821207481088546,0.7654494378191906,2.003161151566513,1.2317325756143789,0.6655578735611271,0.47019026135384345,0.6148944006083279,0.33225378449489557,0.23472413139908643
power cross-ratio T2T4·T3T6 / T2T6·T3T4,band mean 3.2-4.2,False,0.30859236632129594,0.32180468914822136,1.0156621109514123,Null_rot19,0.32180468914822136,1.0156621109514123,3.1561445348722197,0.5261856711155272,1.5643149778941239,3.6158987090537913,0.16671786266493985,0.49564110914757487,1.1456695563532502
phase pair T1-T2 vs T1-T6,band mean 3.2-4.2,False,0.6066392734759849,1.7379443133340697,1.7379443133340697,Moderate_lobe,1.7379443133340697,1.7379443133340697,1.0,1.1482497576767012,1.8613466149095397,1.2952230731036865,1.1482497576767012,1.8613466149095397,1.2952230731036865
phase pair T1-T3 vs T1-T5,band mean 3.2-4.2,False,1.2696380528846252,3.2563996085777753,3.2563996085777753,Moderate_lobe,3.2563996085777753,3.2563996085777753,1.0,1.0548427026552933,0.3871786960774146,0.4679879805278258,1.0548427026552933,0.3871786960774146,0.4679879805278258
phase pair T2 refl. vs T6 refl.,band mean 3.2-4.2,False,0.1686855903657524,0.38514954729991285,0.38514954729991285,Moderate_lobe,0.38514954729991285,0.38514954729991285,1.0,0.005257562315597809,0.9560084945609223,0.34520582900715263,0.005257562315597809,0.9560084945609223,0.34520582900715263
phase pair T2-T3 vs T5-T6,band mean 3.2-4.2,False,1.4638724108789936,2.2264498581715646,2.2264498581715646,Moderate_lobe,2.2264498581715646,2.2264498581715646,1.0,1.5186499390724344,1.9355296311596915,0.18487202646892872,1.5186499390724344,1.9355296311596915,0.18487202646892872
phase pair T2-T4 vs T4-T6,band mean 3.2-4.2,False,1.6582466701705458,2.8885054785825437,2.8885054785825437,Severe_lobe_c3,2.8885054785825437,2.8885054785825437,1.0,1.1419865630975994,0.7682288909680391,0.466228726481116,1.1419865630975994,0.7682288909680391,0.466228726481116
phase pair T2-T5 vs T3-T6,band mean 3.2-4.2,False,1.0553414128040943,1.8660949664944364,1.8660949664944364,Mild_lobe,1.8660949664944364,1.8660949664944364,1.0,0.17236123472244724,0.8513159578081748,1.1429431113064363,0.17236123472244724,0.8513159578081748,1.1429431113064363
phase pair T3 refl. vs T5 refl.,band mean 3.2-4.2,False,0.11641818937048469,0.13105675575109785,0.15636937219430389,Null_rot19,0.13105675575109785,0.15636937219430389,1.1931424007723768,0.25601815146447826,0.3203502886896844,0.010545089234195299,0.21457468219949755,0.26849292128274604,0.008838081043276116
phase pair T3-T4 vs T4-T5,band mean 3.2-4.2,False,0.8228536328707543,1.0775195701217561,1.0775195701217561,Moderate_lobe,1.0775195701217561,1.0775195701217561,1.0,1.4261715106782618,2.0141401300021977,1.593295430712038,1.4261715106782618,2.0141401300021977,1.593295430712038
"phase LR index, all paths",band mean 3.2-4.2,False,1.1642500080561808,1.9160395649062845,1.9160395649062845,Moderate_lobe,1.9160395649062845,1.9160395649062845,1.0,0.018777898587221793,0.6507913556508614,0.08022540161631941,0.018777898587221793,0.6507913556508614,0.08022540161631941
"phase LR index, neighbour paths",band mean 3.2-4.2,False,0.9644551057419106,1.6806379138757965,1.6806379138757965,Moderate_lobe,1.6806379138757965,1.6806379138757965,1.0,1.3712094544830447,1.9267588344772768,0.1875928293109167,1.3712094544830447,1.9267588344772768,0.1875928293109167
"phase LR index, second-neighbour paths",band mean 3.2-4.2,False,1.4639423615275853,2.2691420414520156,2.2691420414520156,Moderate_lobe,2.2691420414520156,2.2691420414520156,1.0,1.4837378368134382,0.7667748098519168,0.03905697454338885,1.4837378368134382,0.7667748098519168,0.03905697454338885
