claim / reading,"old rulers (9 nulls, one-pass yardstick)","new rulers (11 nulls, re-mesh yardstick)",survives,note
"2/11 lobe labels >= 3x (A1), all 30",20/30,7/30,weakened,
2 detection Healthy_sliced_new (quadrature +-0.5 dB),3.04x,3.04x,yes,
2 detection Healthy_sliced (quadrature +-0.5 dB),3.96x,3.96x,yes,
2 detection Mild_lobe (quadrature +-0.5 dB),3.18x,3.18x,yes,
2 detection Mild_lobe_new (quadrature +-0.5 dB),3.42x,3.42x,yes,
2 detection Moderate_lobe (quadrature +-0.5 dB),4.44x,4.44x,yes,
2 detection Moderate_lobe_c3 (quadrature +-0.5 dB),4.46x,4.46x,yes,
3 detection Severe_lobe (quadrature),1.23x,1.23x,unchanged verdict,
3 detection Severe_lobe_c3 (quadrature),1.58x,1.58x,unchanged verdict,
3 detection LeftOnly_test_c3 (quadrature),0.64x,0.64x,unchanged verdict,
3 detection MCI_lobe_c3 (quadrature),2.85x,2.85x,unchanged verdict,
6 mask dependency: Mild_lobe_new R31 shift 0.319 dB / yardstick,2.36x,2.36x,yes,
"10 R21 lobe stage gaps (smallest 0.489 dB, lobe_B Mild|Moderate) / 2 x yardstick",2.23x,0.67x,no,
"15 [POST HOC] imaging LR LeftOnly (Tikhonov dS, H6)",1.94x,1.94x,not determined (< 2x),
RightOnly imaging LR (P5),2.51x,2.51x,sensitive (2-3x),
Test_B imaging LR,0.05x,0.05x,not determined (< 2x),
16 [POST HOC] LeftOnly phase cross-ratios >= 3x (band mean 3.2-4.2),4,4,yes,
Test_B phase cross-ratios >= 3x (band mean 3.2-4.2),0,0,-,
RightOnly phase cross-ratios >= 3x (band mean 3.2-4.2) (P2),4,2,-,
16 [POST HOC] LeftOnly phase cross-ratios >= 3x (3.30-3.65 GHz),9,4,yes,
Test_B phase cross-ratios >= 3x (3.30-3.65 GHz),4,2,-,
RightOnly phase cross-ratios >= 3x (3.30-3.65 GHz) (P2),9,4,-,
17 [POST HOC] LeftOnly left-right resonance shift vs null max (MHz),+1.91 vs 2.86,+1.91 vs 2.86,yes (still no shift beyond the null),
18 reflection pair T2 refl. vs T6 refl.: LeftOnly_test_c3,3.53x,3.53x,robust (>= 3x),
18 reflection pair T2 refl. vs T6 refl.: RightOnly_test,4.09x,4.09x,robust (>= 3x),
18 reflection pair T2 refl. vs T6 refl.: Test_B,3.84x,3.84x,robust (>= 3x),
18 reflection pair T3 refl. vs T5 refl.: LeftOnly_test_c3,5.00x,5.00x,robust (>= 3x),
18 reflection pair T3 refl. vs T5 refl.: RightOnly_test,5.32x,5.32x,robust (>= 3x),
18 reflection pair T3 refl. vs T5 refl.: Test_B,4.97x,4.97x,robust (>= 3x),
19 [POST HOC] LeftOnly neighbour phase pair T2-T3 vs T5-T6 (3.30-3.65 GHz) vs null max,-5.07 vs 1.79 (2.8x),-5.07 vs 1.79 (2.8x),sensitive (2-3x),
19 [POST HOC] LeftOnly neighbour phase pair T3-T4 vs T4-T5 (3.30-3.65 GHz) vs null max,-3.40 vs 0.63 (5.4x),-3.40 vs 1.28 (2.7x),sensitive (2-3x),
19 [POST HOC] LeftOnly neighbour phase pair T1-T2 vs T1-T6 (3.30-3.65 GHz) vs null max,-2.26 vs 1.40 (1.6x),-2.26 vs 1.40 (1.6x),not determined (< 2x),
"20 Moderate_lobe imaging T (-4.04) vs the rotated nulls (Tikhonov dS, H6)",largest of the 9,"rot07 +1.39, rot19 -0.93",context,
28 C6 P1: within tolerance (26 informative),12/26,21/26,post hoc only; verdict stands,
29 R21 mirror-twin difference 0.133 dB / yardstick,1.21x,0.37x,no (within the re-mesh yardstick),
"C6 P4: RightOnly - LeftOnly within yardstick (R31, R21, R32)","R31 True, R21 False, R32 True","R31 True, R21 True, R32 True",post hoc only; verdict stands,
Test_B binary label margin (A1),0.70x,0.70x,not determined (< 2x),
Test_B three label margin (A1),1.11x,0.33x,not determined (< 2x),
Test_B three_merged label margin (A1),0.16x,0.05x,not determined (< 2x),
"Test_B index: front-back, all paths",0.02x,0.02x,not determined (< 2x),
"Test_B index: front-back, neighbour paths",0.48x,0.32x,not determined (< 2x),
Test_B mirror side (votes >= 2x),"left (7 votes, 4 >= 3x)",mixed (4 votes),no,
Test_B pattern fit 25: contrast / accepted,3.24x / accepted,1.64x / rejected,no,
