design,"total cortical retreat (mm, sum of e)",materials,R21,R21 - matched healthy,three label,R21 - Normal|Mild edge,R32,merged label,R32 - Mild+Moderate|Normal edge
Healthy_sliced_new,0.0,healthy,-20.566934770231928,0.0,Normal,-0.5869347702319274,5.822840219973535,Normal,1.182840219973535
Healthy_sliced,0.0,healthy,-20.506874526002257,0.0,Normal,-0.5268745260022563,5.897905256694727,Normal,1.2579052566947277
LeftOnly_test_c3,19.0,Mild,-20.199685092134057,0.36724967809787046,Normal,-0.21968509213405696,4.754890648480449,Normal,0.11489064848044972
RightOnly_test,19.0,Mild,-20.06656827298658,0.5003664972453485,Normal,-0.08656827298657888,4.608921624864615,Mild+Moderate,-0.031078375135384917
Test_B,19.0,Mild,-20.10914200963573,0.4577927605961989,Normal,-0.12914200963572853,4.664517628503697,Normal,0.02451762850369743
Mild_lobe,38.0,Mild,-19.97406578804604,0.5928689821858875,UNCERTAIN,0.005934211953960045,4.152096538141852,Mild+Moderate,-0.4879034618581475
Mild_lobe_new,38.0,Mild,-19.94038690251027,0.5664876234919873,Mild,0.039613097489731075,4.084253721161862,Mild+Moderate,-0.5557462788381375
Moderate_lobe,67.5,Moderate,-19.451031209623363,1.1159035606085652,Mild,0.5289687903766378,3.4433175207608695,Mild+Moderate,-1.1966824792391302
uniform new_Healthy.s6p,0.0,healthy,-20.72153413396174,0.0,Normal,-0.7415341339617392,6.0479499555880745,Normal,1.4079499555880748
uniform new_MildAD.s6p,74.70000000000002,Mild,-19.478934192573163,1.2425999413885762,Mild,0.501065807426837,3.4214219711103695,Mild+Moderate,-1.2185780288896302
uniform brain_sevem_layer_Healthy.s6p,0.0,healthy,-20.394579869557436,0.0,Normal,-0.41457986955743564,5.915911530420576,Normal,1.2759115304205766
uniform Brain_sevem_layer_MildAD.s6p,74.70000000000002,Mild,-19.308245322463186,1.0863345470942498,Mild,0.6717546775368142,3.113035110710246,Mild+Moderate,-1.5269648892897538
