statistic,frequencies,antennas,LeftOnly_test_c3,LeftOnly_test_c3 / r9,LeftOnly_test_c3 / r11,RightOnly_test,RightOnly_test / r9,RightOnly_test / r11,Test_B,Test_B / r9,Test_B / r11,Test_B vote (r9 >= 2),Test_B vote (r11 >= 2)
phase cross-ratio T1T2·T3T4 / T1T3·T2T4,band mean 3.2-4.2,T1T2T3T4,-10.26594565776027,3.502791556995339,3.502791556995339,8.885034086293322,3.0316176822500394,3.0316176822500394,-0.7114702127184868,0.24275716404948355,0.24275716404948355,,
phase cross-ratio T1T2·T3T4 / T1T3·T2T4,3.30-3.65 GHz,T1T2T3T4,-15.71983366940269,3.7897437610537756,3.7897437610537756,16.621607389040474,4.007143728493088,4.007143728493088,-4.208400105403535,1.0145627733017297,1.0145627733017297,,
phase cross-ratio T1T3·T2T4 / T1T4·T2T3,band mean 3.2-4.2,T1T2T3T4,10.114821749472965,4.029339322920716,4.029339322920716,-7.789201587505076,3.1029055210316496,3.1029055210316496,0.588859943008286,0.23457818465063607,0.23457818465063607,,
phase cross-ratio T1T3·T2T4 / T1T4·T2T3,3.30-3.65 GHz,T1T2T3T4,15.12712204589035,4.047642741688956,4.047642741688956,-15.309161539810427,4.0963519961017285,4.0963519961017285,2.311157424732303,0.6184084154764711,0.6184084154764711,,
phase cross-ratio T1T2·T3T5 / T1T3·T2T5,band mean 3.2-4.2,T1T2T3T5,-5.108941068144941,2.49068390325492,2.49068390325492,2.907088895119577,1.417248588274388,1.417248588274388,-1.6421410640111143,0.8005679181755546,0.8005679181755546,,
phase cross-ratio T1T2·T3T5 / T1T5·T2T3,3.30-3.65 GHz,T1T2T3T5,8.500935353151224,2.4727184342155586,1.8804929392518102,-4.712619636792373,1.3707881503913648,1.0424791607293429,-6.472832047514634,1.8827917706182267,1.4318559613327737,,
phase cross-ratio T1T3·T2T5 / T1T5·T2T3,band mean 3.2-4.2,T1T2T3T5,9.929534237001393,2.556351673856016,2.2164916601110503,-5.242340357732424,1.3496368740513311,1.1702063163323646,1.3266796633330362,0.3415527553542457,0.29614424395243644,,
phase cross-ratio T1T3·T2T5 / T1T5·T2T3,3.30-3.65 GHz,T1T2T3T5,15.712805408305817,2.538886894982498,1.7109447710754193,-10.144958191804276,1.6392299614238253,1.1046698994866366,-3.472236056744322,0.5610465089890259,0.37808678786831473,,
phase cross-ratio T1T2·T3T6 / T1T3·T2T6,band mean 3.2-4.2,T1T2T3T6,-5.108941068144942,2.4906839032549204,2.4906839032549204,2.907088895119577,1.417248588274388,1.417248588274388,-1.6421410640111138,0.8005679181755544,0.8005679181755544,,
phase cross-ratio T1T2·T4T6 / T1T4·T2T6,3.30-3.65 GHz,T1T2T4T6,-6.626186692739129,2.01369721410759,1.676914735833652,10.596541903018048,3.220287610167078,2.6817079098482495,-8.783989472246937,2.6694531786127627,2.222998244459284,left,left
phase cross-ratio T1T2·T4T6 / T1T6·T2T4,3.30-3.65 GHz,T1T2T4T6,-13.252373385478258,2.01369721410759,1.676914735833652,21.1930838060361,3.2202876101670785,2.68170790984825,-17.567978944493873,2.6694531786127627,2.222998244459284,left,left
phase cross-ratio T1T2·T5T6 / T1T5·T2T6,3.30-3.65 GHz,T1T2T5T6,8.500935353151224,2.47271843421556,1.8804929392518102,-4.7126196367923745,1.3707881503913661,1.042479160729343,-6.472832047514635,1.8827917706182282,1.431855961332774,,
phase cross-ratio T1T3·T4T5 / T1T4·T3T5,band mean 3.2-4.2,T1T3T4T5,4.971717077143757,2.281776412375036,2.101507384175775,-3.431083961401092,1.5747007181874957,1.4502933631842654,-0.19285113096787712,0.08850929264767313,0.08151672138360593,,
phase cross-ratio T1T3·T4T5 / T1T4·T3T5,3.30-3.65 GHz,T1T3T4T5,9.093646976663564,3.7176506328764285,1.7806140734952147,-6.025065486022419,2.463157913949651,1.1797594986558404,-4.575589366843403,1.8705853382125817,0.895939642482764,,
phase cross-ratio T1T3·T4T5 / T1T5·T3T4,band mean 3.2-4.2,T1T3T4T5,9.943434154287514,2.281776412375036,2.101507384175775,-6.8621679228021835,1.5747007181874955,1.4502933631842652,-0.38570226193575485,0.08850929264767327,0.08151672138360606,,
phase cross-ratio T1T3·T4T5 / T1T5·T3T4,3.30-3.65 GHz,T1T3T4T5,18.187293953327128,3.717650632876427,1.7806140734952147,-12.050130972044839,2.46315791394965,1.1797594986558404,-9.151178733686805,1.870585338212581,0.895939642482764,,
phase cross-ratio T2T3·T4T5 / T2T4·T3T5,band mean 3.2-4.2,T2T3T4T5,-5.143104672329207,4.016113435346421,3.005667610405783,4.358117626103983,3.403137961625355,2.546915496702693,-0.7817110739761637,0.610417354257922,0.4568376118002679,,
phase cross-ratio T2T3·T4T5 / T2T4·T3T5,3.30-3.65 GHz,T2T3T4T5,-6.033475069226784,3.4447995840679733,1.372585845454293,9.284096053788005,5.300734627653752,2.1120861004735323,-6.886746791575705,3.9319732344964677,1.5667009573897148,left,
phase cross-ratio T2T4·T3T5 / T2T5·T3T4,3.30-3.65 GHz,T2T3T4T5,8.5079636142481,3.940980663817821,3.088203095097309,-11.189268834028566,5.182990209704022,4.061457736755576,1.2078041146332235,0.5594679146814617,0.4384062478634876,,
phase cross-ratio T2T3·T4T6 / T2T4·T3T6,band mean 3.2-4.2,T2T3T4T6,-10.300109261944531,2.3675296863970563,2.3675296863970563,10.336062817277726,2.375793784128267,2.375793784128267,0.1489597773164644,0.03423912173231115,0.03423912173231115,,
phase cross-ratio T2T3·T4T6 / T2T4·T3T6,3.30-3.65 GHz,T2T3T4T6,-14.541438683474883,3.9616779892151324,2.033571974709741,20.473364887816572,5.577775404947122,2.8631321817684943,-8.094550906208926,2.2052841438689206,1.1319960994942115,left,
phase cross-ratio T2T3·T4T6 / T2T6·T3T4,band mean 3.2-4.2,T2T3T4T6,-5.143104672329207,4.016113435346422,3.0056676104057813,4.358117626103983,3.403137961625356,2.5469154967026917,-0.7817110739761635,0.6104173542579219,0.45683761180026755,,
phase cross-ratio T2T3·T4T6 / T2T6·T3T4,3.30-3.65 GHz,T2T3T4T6,-6.033475069226784,3.4447995840679724,1.372585845454293,9.284096053788007,5.3007346276537515,2.1120861004735327,-6.886746791575705,3.931973234496467,1.5667009573897148,left,
phase cross-ratio T2T4·T3T6 / T2T6·T3T4,3.30-3.65 GHz,T2T3T4T6,8.507963614248098,3.9409806638178178,3.088203095097307,-11.189268834028567,5.18299020970402,4.061457736755575,1.2078041146332228,0.5594679146814611,0.43840624786348714,,
power pair T2 refl. vs T6 refl.,band mean 3.2-4.2,T2T6,-0.06047147534771158,3.528081378988666,3.528081378988666,0.07013678581106264,4.0919836431854275,4.0919836431854275,-0.06580553082145757,3.839285656430327,3.839285656430327,left,left
power pair T3 refl. vs T5 refl.,band mean 3.2-4.2,T3T5,-0.0682349979849115,4.999759260537854,4.999759260537854,0.07257599731887598,5.317835794002057,5.317835794002057,0.06784858091121393,4.971445456775792,4.971445456775792,right,right
