comparison,path,type,side,LeftOnly change dB,Mild change dB,clean ruler dB,Mild change / ruler,ratio LeftOnly / Mild,ratio SD,LeftOnly phase change deg,Mild phase change deg,phase clean ruler deg,LeftOnly phase / ruler
"rule 1 (LeftOnly, Mild_lobe vs Healthy_sliced_new)",T1 refl.,reflection,self-mirror,-0.017230653870837997,0.008203503758371866,0.025706818383187852,0.3191178167632336,,,-0.08708757230213272,-0.4653228900209897,0.42768954863860265,0.20362333514892986
"rule 1 (LeftOnly, Mild_lobe vs Healthy_sliced_new)",T1-T2,neighbour,left,0.08594088485104123,0.05724718364098891,0.11121095542561299,0.5147620881584866,,,-3.9445034509858803,-7.648316646172416,2.834309607878543,1.3916981546480762
"rule 1 (LeftOnly, Mild_lobe vs Healthy_sliced_new)",T1-T3,second-neighbour,left,0.39693985855370073,0.6115800948859018,0.21685125717087456,2.820274610647005,0.6490398590028588,0.4227116912056577,3.394163007817259,-0.8847041215918807,3.771772090413568,0.8998854985018714
"rule 1 (LeftOnly, Mild_lobe vs Healthy_sliced_new)",T1-T4,opposite,self-mirror,-0.5065433740743899,-0.7858361134633043,0.12603857145099795,6.234885911641949,0.6445916208176956,0.19082100283667092,0.9989345919684002,-1.8195620594342792,2.1894629286377456,0.45624640586626597
"rule 1 (LeftOnly, Mild_lobe vs Healthy_sliced_new)",T1-T5,second-neighbour,right,0.36255618912709053,0.6161506630418856,0.21685125717087456,2.8413515839401886,0.5884213243189258,0.4083534354298945,-0.4746535036215056,-1.6799445863972748,3.4977912164209433,0.13570092502753406
"rule 1 (LeftOnly, Mild_lobe vs Healthy_sliced_new)",T1-T6,neighbour,right,-0.06664215907646565,0.10614311266436971,0.11121095542561299,0.9544303639704537,,,-1.5836090682990611,-7.459304510535273,2.5927477959946317,0.6107840765482383
"rule 1 (LeftOnly, Mild_lobe vs Healthy_sliced_new)",T2 refl.,reflection,left,-0.07574964058608469,-0.03955013919752748,0.03689996612982904,1.0718204742620645,,,-0.032524455651378216,-0.5961966206194302,0.5401857806967522,0.06020975896371603
"rule 1 (LeftOnly, Mild_lobe vs Healthy_sliced_new)",T2-T3,neighbour,left,0.0967215042023355,0.0734566273271966,0.11121095542561299,0.6605161069435324,,,-6.02666408195513,-9.51252473327862,2.7546572475959943,2.187809059444559
"rule 1 (LeftOnly, Mild_lobe vs Healthy_sliced_new)",T2-T4,second-neighbour,left,-0.003649221477665776,0.3710520639967285,0.21685125717087456,1.711090213806539,,,4.210068932606067,0.011819103745246867,3.1729902488448505,1.3268458464814923
"rule 1 (LeftOnly, Mild_lobe vs Healthy_sliced_new)",T2-T5,opposite,cross (left-right),-0.7469505557862988,-1.120562636598443,0.14557551729921414,7.697466286829345,0.6665852772440518,0.15612998297768055,-0.4068397039542193,-3.214494506003901,3.2755055605651235,0.12420669006100761
"rule 1 (LeftOnly, Mild_lobe vs Healthy_sliced_new)",T2-T6,second-neighbour,cross (left-right),0.3515658806529771,1.0939865574759722,0.21685125717087456,5.044870718060593,0.3213621577436053,0.20820520334344508,1.9566688466195075,-3.0415181262157907,3.7160216472126057,0.5265493671403148
"rule 1 (LeftOnly, Mild_lobe vs Healthy_sliced_new)",T3 refl.,reflection,left,-0.07304191415602013,-0.05427348111135677,0.03466507814330466,1.5656529284887635,,,-0.131590780063571,-0.24929255100264466,0.41318251396515965,0.3184809995968682
"rule 1 (LeftOnly, Mild_lobe vs Healthy_sliced_new)",T3-T4,neighbour,left,-0.12425151688916003,0.0030295168028757757,0.11121095542561299,0.0272411723402751,,,-3.7065561303053465,-6.345016701103201,2.3436170057745764,1.581553692933847
"rule 1 (LeftOnly, Mild_lobe vs Healthy_sliced_new)",T3-T5,second-neighbour,cross (left-right),0.6639797279906148,0.851050735544618,0.21685125717087456,3.92458289911599,0.7801881841576815,0.3231790204267075,-0.5763674248295808,-2.5967583296680044,3.8956475541950004,0.14795163494934843
"rule 1 (LeftOnly, Mild_lobe vs Healthy_sliced_new)",T3-T6,opposite,cross (left-right),-0.8830324515755095,-1.2115531765016385,0.1212259513500129,9.994173384571335,0.728843329952109,0.1238143173358503,0.21429833499607057,-4.781093866082372,3.5562335931700746,0.06025991526755759
"rule 1 (LeftOnly, Mild_lobe vs Healthy_sliced_new)",T4 refl.,reflection,self-mirror,-0.02574164646326027,0.022467991641157425,0.026151528035810667,0.8591464181515825,,,-0.052343413641502606,-0.5853194326862625,0.5309415477731823,0.09858601923514124
"rule 1 (LeftOnly, Mild_lobe vs Healthy_sliced_new)",T4-T5,neighbour,right,-0.005284863108983018,-0.06955361860622844,0.11121095542561299,0.6254205652675253,,,-1.7522695628906066,-6.004886926402952,2.5695109815438633,0.6819467110577493
"rule 1 (LeftOnly, Mild_lobe vs Healthy_sliced_new)",T4-T6,second-neighbour,right,0.36259564644623055,0.24342167005573145,0.2582219901488827,0.9426837347019987,,,0.2998448672409194,-1.1094217429756668,3.9749697388097753,0.07543324526810156
"rule 1 (LeftOnly, Mild_lobe vs Healthy_sliced_new)",T5 refl.,reflection,right,-0.01150479250127967,-0.060006198620387696,0.03381380832262382,1.7746063397490583,,,-0.028596604119371385,-0.3109080391538708,0.40696521414372694,0.07026793230851419
"rule 1 (LeftOnly, Mild_lobe vs Healthy_sliced_new)",T5-T6,neighbour,right,-0.0553849069356076,0.0610140824966976,0.11121095542561299,0.5486337408323843,,,-1.5588795258400572,-8.697277061601039,3.567621069897471,0.43695210205854557
"rule 1 (LeftOnly, Mild_lobe vs Healthy_sliced_new)",T6 refl.,reflection,right,-0.02042796185421425,-0.03953129911073061,0.038943719846590064,1.0150879080492357,,,-0.2322570866628861,-0.6803539972912271,0.5109817765012928,0.45453105637769936
as predicted (vs Healthy_sliced),T1 refl.,reflection,self-mirror,-0.005804466240964423,0.01962969138824544,0.025706818383187852,0.7635986334692889,,,-0.3647376034295501,-0.742972921148407,0.42768954863860265,0.8528092505195938
as predicted (vs Healthy_sliced),T1-T2,neighbour,left,0.04740473073272966,0.018711029522677336,0.11121095542561299,0.16824807817780874,,,-5.091587758885324,-8.795400954071859,2.834309607878543,1.7964119885605352
as predicted (vs Healthy_sliced),T1-T3,second-neighbour,left,0.37929833775182686,0.593938574084028,0.21685125717087456,2.738921516217063,0.6386154297803956,0.4332070031034494,2.2772178793702773,-2.001649250038863,3.771772090413568,0.6037527784772871
as predicted (vs Healthy_sliced),T1-T4,opposite,self-mirror,-0.6325819455253878,-0.9118746849143022,0.12603857145099795,7.234885911641949,0.6937158756467043,0.16822141442279545,-0.042500604289912015,-2.860997255692591,2.1894629286377456,0.01941142904682808
as predicted (vs Healthy_sliced),T1-T5,second-neighbour,right,0.18821981266762577,0.44181428658242083,0.21685125717087456,2.037407079610702,0.42601567759061865,0.5335032827755218,-2.2609289208699095,-3.4662200036456787,3.4977912164209433,0.6463876146339482
as predicted (vs Healthy_sliced),T1-T6,neighbour,right,-0.08251898502582122,0.09026628671501413,0.11121095542561299,0.8116672172229618,,,-2.8720943059748065,-8.747789748211018,2.5927477959946317,1.107741489708995
as predicted (vs Healthy_sliced),T2 refl.,reflection,left,-0.061819177716950335,-0.025619676328393126,0.03689996612982904,0.6943008087935018,,,-0.30864359676920794,-0.8723157617372596,0.5401857806967522,0.5713656445586326
as predicted (vs Healthy_sliced),T2-T3,neighbour,left,0.10922387974796521,0.08595900287282632,0.11121095542561299,0.7729364660509795,,,-7.15090460477359,-10.63676525609708,2.7546572475959943,2.595932619571537
as predicted (vs Healthy_sliced),T2-T4,second-neighbour,left,0.08413139403857173,0.458832679512966,0.21685125717087456,2.1158866473686837,0.18335963804468788,0.4804942702071343,2.3637119159812108,-1.834537912879609,3.1729902488448505,0.7449477403347636
as predicted (vs Healthy_sliced),T2-T5,opposite,cross (left-right),-0.8704761996563235,-1.2440882804684676,0.14557551729921414,8.545999379218305,0.69969005682502,0.1428127704074651,-2.2891712688945027,-5.096826070944185,3.2755055605651235,0.6988757083653223
as predicted (vs Healthy_sliced),T2-T6,second-neighbour,cross (left-right),0.40108942171279693,1.143510098535792,0.21685125717087456,5.273246341545202,0.3507528461938133,0.2009634820137589,0.0565511217076996,-4.941635851127599,3.7160216472126057,0.015218189525380912
as predicted (vs Healthy_sliced),T3 refl.,reflection,left,-0.055544454510358054,-0.0367760214656947,0.03466507814330466,1.0608953862346262,,,-0.4132001961815217,-0.5309019671205958,0.41318251396515965,1.0000427951710549
as predicted (vs Healthy_sliced),T3-T4,neighbour,left,-0.12380444668870894,0.0034765870033268698,0.11121095542561299,0.031261191759586096,,,-5.171913819506728,-7.810374390304581,2.3436170057745764,2.2068084532427203
as predicted (vs Healthy_sliced),T3-T5,second-neighbour,cross (left-right),0.5657881880892361,0.7528591956432393,0.21685125717087456,3.471776947320167,0.7515192633143432,0.3603089044682623,-2.8161622853923753,-4.8365531902307985,3.8956475541950004,0.7228996581992667
as predicted (vs Healthy_sliced),T3-T6,opposite,cross (left-right),-1.0042584029255224,-1.3327791278516514,0.1212259513500129,10.994173384571335,0.7535070004767542,0.11388826606149416,-1.7674772263972425,-6.762869427475685,3.5562335931700746,0.4970081914168325
as predicted (vs Healthy_sliced),T4 refl.,reflection,self-mirror,-0.014856198073120108,0.03335344003129759,0.026151528035810667,1.2753916323981132,,,-0.2611515245480122,-0.7941275435927724,0.5309415477731823,0.4918649249494709
as predicted (vs Healthy_sliced),T4-T5,neighbour,right,0.07588969714969096,0.011620941652445538,0.11121095542561299,0.10449457616806986,,,-2.9342609299924827,-7.1868782935048285,2.5695109815438633,1.1419530607452253
as predicted (vs Healthy_sliced),T4-T6,second-neighbour,right,0.22481107821941038,0.10563710182891128,0.2582219901488827,0.4090941355072209,,,-1.8377303679938464,-3.246996978210432,3.9749697388097753,0.4623256247842827
as predicted (vs Healthy_sliced),T5 refl.,reflection,right,0.008114541943803122,-0.040386864175304904,0.03381380832262382,1.1943896939962024,,,-0.3256472718419224,-0.6079587068764216,0.40696521414372694,0.8001845379514778
as predicted (vs Healthy_sliced),T5-T6,neighbour,right,-0.025992360387924407,0.09040662904438079,0.11121095542561299,0.8129291642031811,,,-3.265379075389176,-10.403776611150159,3.567621069897471,0.9152819235600655
as predicted (vs Healthy_sliced),T6 refl.,reflection,right,-0.00296907782456568,-0.022072415081082042,0.038943719846590064,0.5667772664766311,,,-0.4256081068710431,-0.8737050174993846,0.5109817765012928,0.8329222810746681
