rule,held out,class,training solves,Normal solves in training,boundary dB,fraction correct,UNCERTAIN
detection (R31),brain_sevem_layer_Healthy.s6p,Normal,7,1.0,-15.272795851641495,1.0,0.0
detection (R31),new_Healthy.s6p,Normal,7,1.0,-15.165238481661863,1.0,0.0
detection (R31),Brain_sevem_layer_MildAD.s6p,Mild,7,2.0,-15.272795851641495,1.0,0.0
detection (R31),new_MildAD.s6p,Mild,7,2.0,-15.272795851641495,1.0,0.0
detection (R31),Brain_sevem_layer_ModerateAD.s6p,Moderate,7,2.0,-15.272795851641495,1.0,0.0
detection (R31),new_ModerateAD.s6p,Moderate,7,2.0,-15.272795851641495,1.0,0.0
detection (R31),brain_sevem_layer_SevereAD.s6p,Severe,7,2.0,-15.281088974165776,1.0,0.0
detection (R31),new_SevereAD.s6p,Severe,7,2.0,-15.272795851641495,1.0,0.0
three,brain_sevem_layer_Healthy.s6p,Normal,5,,"-20.06, -18.75",1.0,
three,new_Healthy.s6p,Normal,5,,"-19.89, -18.75",1.0,
three,Brain_sevem_layer_MildAD.s6p,Mild,5,,"-20.02, -18.80",1.0,
three,new_MildAD.s6p,Mild,5,,"-19.93, -18.71",1.0,
three,brain_sevem_layer_SevereAD.s6p,Severe,5,,"-19.98, -18.73",1.0,
three,new_SevereAD.s6p,Severe,5,,"-19.98, -18.78",1.0,
three_merged,brain_sevem_layer_Healthy.s6p,Normal,7,,"4.67, 2.77",1.0,
three_merged,new_Healthy.s6p,Normal,7,,"4.60, 2.77",1.0,
three_merged,Brain_sevem_layer_MildAD.s6p,Mild,7,,"4.66, 2.80",1.0,
three_merged,new_MildAD.s6p,Mild,7,,"4.61, 2.75",1.0,
three_merged,Brain_sevem_layer_ModerateAD.s6p,Moderate,7,,"4.64, 2.78",1.0,
three_merged,new_ModerateAD.s6p,Moderate,7,,"4.62, 2.76",1.0,
three_merged,brain_sevem_layer_SevereAD.s6p,Severe,7,,"4.64, 2.75",1.0,
three_merged,new_SevereAD.s6p,Severe,7,,"4.64, 2.80",1.0,
