solve,class,N (not returned) dB,1 - reflection dB,coupled power returned to other ports
brain_sevem_layer_Healthy.s6p,Normal,-2.552713854424959,-2.5497689985925733,0.0003768387832001553
new_Healthy.s6p,Normal,-2.49893910393672,-2.49578860054216,0.0004081870900050398
new_MCI.s6p,MCI,-2.503365013906546,-2.500078977174459,0.0004253201058384483
Brain_sevem_layer_MildAD.s6p,Mild,-2.5212493769325683,-2.518484431060391,0.0003563819004351711
new_MildAD.s6p,Mild,-2.4750478216234564,-2.4719866238002366,0.0003988002035028992
Brain_sevem_layer_ModerateAD.s6p,Moderate,-2.514759936770732,-2.511895250394451,0.0003697941358470948
new_ModerateAD.s6p,Moderate,-2.4257082977968465,-2.42271521528446,0.0003943784821058967
brain_sevem_layer_SevereAD.s6p,Severe,-2.5106014694958647,-2.508013647997144,0.00033436380267617396
new_SevereAD.s6p,Severe,-2.4067339327082586,-2.4040995635750657,0.00034861867639501116
