path,type,head share: gap S2 (gray -> CSF_Mild),head share: gray band S2 (white -> Mild gray),head share: gap S3 (gray -> CSF_Mild),head share: gray band S3 (white -> Mild gray),"head share: CSF layer, all (CSF -> CSF_Mild)","predicted phase change (deg), share x -k0 dn d",observed at 3.6 GHz (deg),observed mean 3.30-3.65 GHz (deg)
T1-T2,neighbour,0.08323195065886008,0.04106108196927263,0.004128191429602519,0.0010685501025312887,0.02613986001003097,-2.012034052577634,-4.453121846237403,-4.9017255270886295
T1-T3,second-neighbour,0.02272304419634983,0.01070346415656874,0.05949919813275946,0.014446015291700877,0.019790069095231514,-2.228033530621625,0.7517111525934317,6.241840051211968
T1-T4,opposite,0.010331537050417918,0.004853274968714265,0.014050673429937965,0.003559300703498292,0.018856914860524928,-0.62207657422125,2.6660929243585927,1.3241644760465967
T1-T5,second-neighbour,0.010902648906447718,0.005136771583974687,0.004822340817768957,0.0011852208700804175,0.019508256129823653,-0.36364632009690795,-7.944927757033155,-0.2363944476120013
T1-T6,neighbour,0.002852987634416251,0.0013789786308928608,0.0008816991761707354,0.00022309220166012484,0.02642476765300099,-0.0555666442118821,-1.8571807064534536,-2.098607443401698
T2-T3,neighbour,0.07771601835482175,0.03795961109457587,0.11776820558178419,0.030817254167115837,0.027226619271769746,-5.219037730870456,-7.59538245068663,-7.883319322693674
T2-T4,second-neighbour,0.04193657479970732,0.019464547006471745,0.031445928534787476,0.00798349982801702,0.019782128049942376,-1.8500301779670965,-2.4175183719990754,6.65817837343111
T2-T5,opposite,0.058958369373068246,0.02711418522360394,0.01651761699236787,0.004159907846419913,0.020990422049368518,-1.7953145654750904,3.09947430855063,2.0403311706536464
T2-T6,second-neighbour,0.04794885775317066,0.02246169823797705,0.015026447957742509,0.0038614813931278492,0.020970368285910687,-1.5074137625618351,1.5868806352456994,7.0188797857779575
T3-T4,neighbour,0.0022233038538304493,0.0010722669118062933,0.10368479303475105,0.027546345041615287,0.026281269862879472,-3.0685422510189495,-4.984527011195107,-5.759248214243787
T3-T5,second-neighbour,0.010174654989981895,0.004866657833950787,0.06165084255734511,0.015007605499331571,0.020190271039345415,-2.004650547966605,-8.14568726835396,3.7185041481022525
T3-T6,opposite,0.011277876127633927,0.005365873221068499,0.07810163617747169,0.018567721672399593,0.02097809157903456,-2.502995155259862,5.245442559724226,2.9254527395102894
T4-T5,neighbour,0.0006167517383257277,0.000289593639538924,0.003163923139250178,0.0008424476877811016,0.02675794739280202,-0.07089023003453213,-1.699952602150479,-1.945687494036372
T4-T6,second-neighbour,0.003356128923520499,0.0015616213931220941,0.014139654858057198,0.0036156110877976666,0.020164070448834576,-0.46371902561832606,-1.4572033041625168,1.6972295265313828
T5-T6,neighbour,0.0007286451685801545,0.0003515452093984101,0.0009478204604360997,0.00024528106106431666,0.027237069600974724,-0.007551972497664726,-1.7492323339603155,-2.320838575285862
