path,type,"share air (r > 88, inside the cube)",share skin+fat+skull (83.5-88),share CSF layer (83-83.5),share gray (76-83),share white (25-76),share hippocampus (<= 25),brain share at z > 40,head share at z > 40,brain share at 0 < z <= 40,head share at 0 < z <= 40,brain share at z <= 0,head share at z <= 0,in-brain share within 13.5 mm of the brain surface
T1 refl.,reflection,0.9923150610133039,0.005132929352621983,0.0001802274284747028,0.0012220064168645592,0.0011469023693493332,2.8734193857250295e-06,0.5557458289320899,0.7356477618158863,0.4300692828058295,0.2488736283746948,0.014184888262080694,0.015478609809418809,0.7658241256469025
T1-T2,neighbour,0.9903815702273417,0.0059422415494083825,0.00025142440777360084,0.0015690603042540511,0.0018408859015202402,1.4817609701982577e-05,0.5810726644526036,0.6986714027084984,0.39037444063987187,0.26968978476723854,0.0285528949075243,0.03163881252426311,0.6997317826154114
T1-T3,second-neighbour,0.9887791825831773,0.007801946420734924,0.00022206075198389548,0.0015232193478932866,0.0016407696708167381,3.282122539370699e-05,0.6146722462398274,0.7401816514795558,0.34189418509368813,0.2173740710213495,0.04343356866648444,0.042444277499094685,0.715049404846172
T1-T4,opposite,0.9834533469891096,0.011178633192438035,0.0003120188270530023,0.0024719669615973043,0.002558341127779951,2.5692902021769277e-05,0.6829006027191317,0.7826895796168524,0.2777768858403072,0.1741868586514991,0.0393225114405611,0.04312356173164861,0.7308457386163418
T1-T5,second-neighbour,0.988197099307436,0.008235876284771071,0.00023025400978541417,0.0016007905039288547,0.0017039003165343833,3.2079577544415696e-05,0.6183643029938118,0.7444823966783765,0.3413272267606973,0.21565433585944255,0.040308470245490814,0.03986326746218093,0.7180048872075039
T1-T6,neighbour,0.990317503845332,0.005962446985800398,0.0002558577111881784,0.0015800882965526122,0.0018693861357491543,1.4717025377695921e-05,0.574453915478555,0.6909140292139252,0.39629913303750863,0.2762984191125214,0.029246951483936457,0.03278755167355347,0.6983193439161209
T2 refl.,reflection,0.9946531989930636,0.0033351737044407213,0.00014750463886282423,0.0009641964562818479,0.0008976349018900613,2.2913054610990755e-06,0.5683602331359864,0.7114022748858918,0.4184369355982725,0.2739543391150372,0.01320283126574122,0.014643385999070935,0.7625009767758874
T2-T3,neighbour,0.9916811394700464,0.005067887381017654,0.00022649444842399638,0.0013877929897551564,0.0016234738770890401,1.3211833667643956e-05,0.5749640119685019,0.6841711570224731,0.39589543809111244,0.2820245623849423,0.029140549940385653,0.03380428059258474,0.701840539407311
T2-T4,second-neighbour,0.9871374657762807,0.008930101216115888,0.0002544482990603816,0.0017468396292502479,0.0018936439194459757,3.750115984682194e-05,0.6116759075165462,0.7394599627270404,0.3481286377187957,0.22098699291754137,0.04019545476465824,0.03955304435541828,0.7132074885157073
T2-T5,opposite,0.9881749635871597,0.0076857844200147974,0.00024821250505467185,0.0019125784019917334,0.0019604776011388795,1.7983484640370265e-05,0.700310159255179,0.7821263792045816,0.2651659326197265,0.17928993313754116,0.03452390812509459,0.0385836876578772,0.7316698933898613
T2-T6,second-neighbour,0.9894275493097949,0.007266327372844335,0.00022170818465823107,0.0014702315470268758,0.0015841985501665278,2.998503550910625e-05,0.6220397113203049,0.7415922578833474,0.3382908929086893,0.219727697380568,0.03966939577100591,0.038680044736084655,0.7165963955447483
T3 refl.,reflection,0.9944805710162329,0.00345701066573588,0.0001531340637980707,0.0009924514873849409,0.0009145020460451477,2.3307208030704907e-06,0.55628936019525,0.7042232873963002,0.42911345049678573,0.2791488922954524,0.014597189307964359,0.016627820308247276,0.7645253314973367
T3-T4,neighbour,0.9897021911759728,0.00639356052357752,0.00027063949270059596,0.0016548129946239295,0.001962755390884453,1.604042224053502e-05,0.5613817788089077,0.679677886844829,0.40592890421240485,0.2838108575258976,0.03268931697868736,0.036511255629273556,0.696308341685078
T3-T5,second-neighbour,0.9889735918671,0.007612580281170322,0.00022262616879369372,0.0015259670919165339,0.001632663299482344,3.257129153711072e-05,0.6163524202314977,0.737889808453909,0.3393372888664185,0.2187480761431683,0.0443102909020839,0.04336211540292267,0.7159372726225043
T3-T6,opposite,0.9883092495328677,0.007627043440615849,0.0002452496339271425,0.001873114050257708,0.0019273122302851723,1.8031112046428346e-05,0.6917668670865966,0.7772972339511887,0.27057272264243803,0.1810643506304905,0.03766041027096518,0.04163841541832082,0.7308267184653812
T4 refl.,reflection,0.9919634136975455,0.005384310476479292,0.0001877768380021261,0.0012673789683628185,0.0011941025012546028,3.017518355782561e-06,0.5440447669244179,0.7255394851609192,0.44025446396995027,0.2573676647763485,0.015700769105631698,0.017092850062732173,0.7636528345850975
T4-T5,neighbour,0.9895023916348665,0.006449241435365881,0.00028089445238447695,0.001719294187409084,0.002030961720195694,1.7216569778225234e-05,0.5728502944739609,0.6863713552449134,0.3965733230581881,0.2790444821965794,0.0305763824678511,0.034584162558507076,0.6962857242217779
T4-T6,second-neighbour,0.9874327428623277,0.008670468502580665,0.0002534070582726391,0.0017241943314976623,0.0018814923306893613,3.769491463175946e-05,0.6042478638829964,0.733575393297375,0.35472539916337836,0.2256254560498683,0.041026736953625145,0.0407991506527567,0.7116550625674359
T5 refl.,reflection,0.9943433465978381,0.0035169322471865555,0.00015844779429523178,0.0010252247574406284,0.000953550393849879,2.498209389667208e-06,0.5626924854468119,0.7011004373054889,0.4235111218916579,0.28270336817785485,0.013796392661530231,0.01619619451665635,0.7631179224341854
T5-T6,neighbour,0.9913588601186046,0.005243359735621205,0.00023535932838133003,0.0014467593715700834,0.0017014661881474512,1.4195257675514385e-05,0.5805254521585084,0.6890390199017234,0.38893035923788316,0.27562544084278084,0.03054418860360842,0.035335539255495464,0.700567083898669
T6 refl.,reflection,0.9945874514926496,0.0033748417772713813,0.00014838023222752688,0.000974728944023057,0.0009123079951612964,2.289558667208753e-06,0.5598361625950722,0.7074004460822002,0.4264949065013947,0.27721503038882556,0.013668930903533048,0.01538452352897399,0.7623237415885856
