design,"rms LR phase asymmetry, all (deg)",rms per-antenna (separable) part (deg),rms non-separable part (deg),separable share of power
Healthy_sliced,1.4953065473894422,0.6989981231186215,1.3218711338638038,0.218520179901598
Healthy_sliced_new,1.0062763458089354,0.5195175721839663,0.861796714037981,0.266542186174201
Mild_lobe,2.015363530552644,1.1803402518205863,1.6335504431188317,0.3430106815363998
Mild_lobe_new,1.397903059633828,0.7534847156890068,1.1774522272078274,0.29053254164240383
Moderate_lobe,2.026394437206678,1.7094117712303212,1.0882030194414025,0.7116155201039125
Moderate_lobe_c3,1.3686530063088267,0.8694896621366212,1.0569762434017778,0.40359161445537717
Severe_lobe,1.324543948550462,0.8935045039402384,0.977786465993551,0.4550517054847957
Severe_lobe_c3,2.1791475441679853,1.242606265963162,1.7901434822500824,0.32515752278958454
MCI_lobe_c3,1.7198743777958165,0.7375598524040882,1.5536966690831922,0.18390819602969632
LeftOnly_test_c3,4.613101270052005,1.3857057005801294,4.400059435863925,0.09023105388231512
