item,verdict,old -> new,evidence
R1 floor dispute,CHANGED (main label),"imaging LR 3.7x (null rms) -> 1.94x under the max-floor rule (not separable (< 2x)); Shapiro-Wilk p = 0.055 (0.46 without Moderate_lobe); rank p 0.10; Moderate's T driven by T2-T3, T5-T6","review2/R1a_imaging_null.csv, R1b_*.csv, R1c_*.csv"
R2 16/22 vs b9_anti,CHANGED (one answer),"16/22 (rms ruler) vs 0.9x (max floor, one pair) -> same max-floor rule: cross-ratio phase 4/22 >= 3x at band mean, 9/22 at 3.30-3.65 GHz; pair phase 0/8 (band), 3/8 (3.4 GHz); separable (per-antenna) share of the reference-free LR phase asymmetry: null median 0.33, LeftOnly 0.09",review2/R2_*.csv
R3 detuning,CHANGED (tested; first-order detuning does not explain the asymmetry),"untested -> left-right resonance shift +1.91 MHz (symmetric designs <= 2.86); separable share of the LR transmission phase asymmetry 0.11 (3.30-3.65 GHz, matched reference); corr(per-antenna term, reflection change) -0.51",review2/R3_*.csv
R4 detection feature,CONFIRMED (defensible on training data; fragile),"not compared -> lobe designs with >= 3x margin: R31 7/10, R21 alone 7/10, (R31, R21) pair 9/10; R21 alone puts LeftOnly Normal and lobe-Mild near its threshold",review2/R4_feature_choice.csv
R6 robust detection,CHANGED,"3.3-4.9x with max(yard, bSD) -> quadrature with ±0.5 dB measurement spread: Healthy_sliced_new 3.04x, Mild_lobe 3.18x, Moderate_lobe 4.44x, Severe_lobe 1.23x, Healthy_sliced 3.96x, Mild_lobe_new 3.42x, Moderate_lobe_c3 4.46x, Severe_lobe_c3 1.58x",review2/R6_A28_rulers.csv
A28 tau and boundary intervals,CHANGED (count),-> tau 95% -15.368 to -15.165 dB; 3 of 30 lobe labels change inside a boundary's bootstrap distribution,review2/R6_A28_rulers.csv
A14 port map,"CONFIRMED (by geometry, not by the search)",symmetry search -> the search is mirror-blind (scores 0.149969 = 0.149969); audit excitation order + port-sheet azimuths + field centroids fix it,review2/A14_symmetry_search.csv; data/hfss_geometry_audit_Healthy_sliced.txt
A15 masking,CHANGED (one dependency found),"mask off: largest move Mild_lobe_new R31 = 2.36x yardstick; mask -36 dB (2x stricter): largest move Severe_lobe_c3 R21 = 0.29x yardstick; threshold fixed 2026-09-27, before the lobe files",review2/A15_*.csv
A16 sub-bands,CHANGED (frequency dependence stated),"3.2-4.2 only -> 3.2-3.5: uniform gap 3.4x, lobe_A min 10.7x, lobe_B min 12.4x, phase CR 16/22; 3.5-3.8: uniform gap 5.7x, lobe_A min 5.0x, lobe_B min 6.2x, phase CR 0/22; 3.8-4.2: uniform gap -7.3x, lobe_A min 0.1x, lobe_B min 0.4x, phase CR 0/22",review2/A16_subbands.csv
A19 noise model,CHANGED (conditional claims stated),"unstated -> chosen, not measured; at 2x noise and ±4 dB/±20°: detection fraction expected Healthy_sliced_new 1.00, Mild_lobe 1.00, Moderate_lobe 1.00, Severe_lobe 1.00, Healthy_sliced 1.00, Mild_lobe_new 1.00, Moderate_lobe_c3 1.00, Severe_lobe_c3 1.00, LeftOnly_test_c3 0.94, MCI_lobe_c3 1.00",review2/A19_noise_2x.csv
A20 between-solve covariance,CHANGED (sensitivity stated),"single shrunk estimate from 4 pairs -> J changes by a factor 6.3-74 between x0.1 and x10; Normal|AD for R31: x0.1: 435, x1.0: 72, x10.0: 10",review2/A20_between_cov.csv
A21 LOSO per fold,CONFIRMED,averages -> 0 of 22 folds below 0.95: ,review2/A21_loso_folds.csv
A22 separability,CHANGED (intervals added),"point values -> Normal|AD: top R32 / R32 / R32, rho 0.89; Normal|Mild: top R32 / R32 / R32, rho 1.00; Mild|Severe: top R21 / R21 / R21, rho 1.00; Mild|Moderate: top R21 / R21 / R21, rho 1.00",review2/A22_separability.csv
A23 R31 non-monotonic,CHANGED (mechanism measured; claim narrowed),'detection' -> robust detection is Mild/Moderate in the lobe set (Severe 1.4-1.7x); mechanism: C1 drop at Severe (lobe_A -0.84 dB) with C3 nearly flat; crossing needs a further 0.18-0.23 dB,review2/A23_R31_components.csv
A24 R21 staging,CHANGED (pairs inside yardsticks listed),1 stage pairs separated by less than the sum of their yardsticks: uniform v2 Mild|Moderate,"review2/A24_*.csv, figures/A24_R21_axis.png"
A26 absorbed power,CHANGED (re-derived; 0.89x not found),"'0.89x' -> 0.92x (95% 0.07-2.12x); N = 1 - reflection within ~1e-3, so weak-entry convergence cannot be the cause; N's solve-to-solve SD (0.054 dB) is the reflection's",review2/A26_absorbed.csv
C2 phase convergence,CHANGED (per frequency),band-mean yardstick -> per frequency: median one-pass yardstick 1.60 deg vs median |LO| 4.72 deg; cells >= 3x: 704 of 4422,"review2/C2_phase_convergence.csv, figures/C2_phase_ratio_heatmap.png"
C3 null distribution,CHANGED (count recomputed per file),16/22 -> LeftOnly 16/22 (round-1 rule) and 4/22 (R1c); symmetric files max 0 and 0,review2/C3_null_counts.csv
