quantity,mesh,deviation,SD of the other five,extreme (rank 1 or 6),outlier (extreme and >= 2 SD)
R31,Healthy_sliced_new,-0.11854285132311126,0.062457853312450164,True,False
R31,Healthy_sliced,0.04360748581792606,0.0802022382459525,False,False
R31,Null_rot07,-0.08252637609233382,0.07355061375621672,False,False
R31,Null_rot19,0.007371020820160723,0.08256663491512967,False,False
R31,Null_rot31,0.02381067298500028,0.08191736177104092,False,False
R31,Null_rot43,0.12628004779235624,0.059214436660488444,True,True
R21,Healthy_sliced_new,0.07019177467516258,0.1926991544680834,False,False
R21,Healthy_sliced,0.14226406775076583,0.1842360623946457,False,False
R21,Null_rot07,0.1546627768580322,0.1821426515831982,True,False
R21,Null_rot19,-0.36618201339139844,0.1011144629220807,True,True
R21,Null_rot31,0.1348496659006777,0.18539410762141287,False,False
R21,Null_rot43,-0.13578627179324698,0.1852516314939224,False,False
R32,Healthy_sliced_new,-0.18873462599827295,0.22024999479890883,False,False
R32,Healthy_sliced,-0.09865658193284155,0.23217088125579755,False,False
R32,Null_rot07,-0.2371891529503678,0.2102629077370599,True,False
R32,Null_rot19,0.3735530342115574,0.16388968513203983,True,True
R32,Null_rot31,-0.11103899291567743,0.23100297170968795,False,False
R32,Null_rot43,0.2620663195856032,0.20401710109713508,False,False
ring mean 3.2-3.5 GHz,Healthy_sliced_new,-0.001877559400685902,0.7569428258729703,False,False
ring mean 3.2-3.5 GHz,Healthy_sliced,1.3311406793338103,0.2034277433295801,True,True
ring mean 3.2-3.5 GHz,Null_rot07,-0.19807464647566722,0.7491284466207452,False,False
ring mean 3.2-3.5 GHz,Null_rot19,-0.3647915201105192,0.7300970094898253,False,False
ring mean 3.2-3.5 GHz,Null_rot31,-0.5474032263917344,0.6950312306149449,True,False
ring mean 3.2-3.5 GHz,Null_rot43,-0.21899372695520333,0.7473794374182566,False,False
ring mean 3.30-3.65 GHz,Healthy_sliced_new,0.1652204108507554,1.1088098915203048,False,False
ring mean 3.30-3.65 GHz,Healthy_sliced,1.8943009948321252,0.4014172804889992,True,True
ring mean 3.30-3.65 GHz,Null_rot07,-0.12234694389408356,1.1104765096019416,False,False
ring mean 3.30-3.65 GHz,Null_rot19,-0.8528771127920401,1.0096677175806068,True,False
ring mean 3.30-3.65 GHz,Null_rot31,-0.590637256752519,1.0644214391219933,False,False
ring mean 3.30-3.65 GHz,Null_rot43,-0.49366009224423796,1.07913790813751,False,False
