design,label,margin dB,A1 pre-registered (vs H6),A1 alternative (vs mean)
Healthy_sliced_new,Normal,-0.450499999999149,2.208126780428368,3.3339500462471716
Mild_lobe,AD,0.47100000000116005,2.3086075773280523,3.4856614246154307
Moderate_lobe,AD,0.6570000000012222,3.2202870027677624,4.862164662358721
Severe_lobe,AD,0.18250000000106326,0.8945241674390372,1.350601295105001
Healthy_sliced,Normal,-0.5859999999991938,2.8722803403589077,4.336725254388114
Mild_lobe_new,AD,0.5055000000011702,2.4777094062402503,3.7409805735516763
Moderate_lobe_c3,AD,0.6605000000012229,3.237442260773346,4.888066605004425
Severe_lobe_c3,AD,0.2335000000010794,1.1445007840918566,1.7280296022281547
LeftOnly_test_c3,AD,0.09400000000103326,0.46074121501207604,0.6956521739206902
MCI_lobe_c3,Normal,-0.42199999999913906,2.068433965240023,3.123034227560696
RightOnly_test,AD,0.10700000000103671,0.5244607447471052,0.7918593894618813
Test_B,AD,0.09400000000103326,0.46074121501207604,0.6956521739206902
