section,id,claim,tier,ratio,ratio_without_rot19,origin,evidence,commit,depends_on
claim,D1,"The fixed detection rule labels both Moderate-stage lobe designs as AD, with a wide margin.",established,3.22-3.24x,3.22-3.24x,rule pre-registered (5192287); ruler pre-registered (5966ee4),results/05_lobe/null_rulers/label_margins_all_nulls.csv,d5110bd,power (R31 ratio); re-mesh ruler measured against Healthy_sliced_new; rule trained on the uniform head
claim,D2,The fixed detection rule labels both healthy lobe heads as Normal.,sensitive,2.21-2.87x,2.21-2.87x,pre-registered,results/05_lobe/null_rulers/label_margins_all_nulls.csv,d5110bd,power (R31); H6-referenced ruler (0.204 dB from Null_rot43)
claim,D3,The fixed detection rule labels both Mild-stage lobe designs as AD.,sensitive,2.31-2.48x,2.31-2.48x,pre-registered,results/05_lobe/null_rulers/label_margins_all_nulls.csv,d5110bd,power (R31); H6-referenced ruler
claim,D4,The fixed detection rule labels the hippocampus-only (MCI) design as Normal.,sensitive,2.07x (1.98x with the 0.5 dB spread),2.07x,pre-registered,results/05_lobe/null_rulers/label_margins_all_nulls.csv,d5110bd,power (R31); H6-referenced ruler
claim,D5,"The fixed detection rule labels both Severe-stage lobe designs as AD, but the margin is inside the mesh error.",not determined,0.89-1.14x,0.89-1.14x,pre-registered,results/05_lobe/null_rulers/label_margins_all_nulls.csv,d5110bd,power (R31); R31 turns back at Severe (neighbour coupling falls)
claim,D6,"The fixed detection rule labels the three partial designs (left only, right only, Test_B) as AD, but well inside the mesh error.",not determined,0.46-0.52x,0.46-0.52x,pre-registered,results/05_lobe/null_rulers/label_margins_all_nulls.csv,d5110bd,power (R31)
claim,D7,Detection needs the 3.2-3.8 GHz part of the band; in 3.8-4.2 GHz healthy and AD uniform heads overlap.,established (sub-band gaps 3.4-12.4x below 3.8 GHz),n/a (one-pass sub-band yardsticks),n/a,post hoc (round 2),results/05_lobe/review2/A16_subbands.csv,ae2a7cb,power; uniform and lobe heads; not re-run with the rotated nulls
claim,D8,"The detection threshold re-derives exactly (-15.27 dB, 95% -15.37 to -15.17) and was fixed before any lobe file existed.",n/a (fact),n/a,n/a,pre-registered,results/05_lobe/review2/R6_A28_rulers.csv,ae2a7cb,uniform training solves (effectively 1 healthy + 3 AD designs)
claim,S1,The three-class staging rule labels both Severe lobe designs Severe.,sensitive,2.04-2.34x,4.33-4.97x,pre-registered,results/05_lobe/null_rulers/label_margins_all_nulls.csv,d5110bd,power (R21); H6-referenced ruler; rests on Null_rot19 for the step to < 3x
claim,S2,The merged staging rule labels the healthy and MCI heads Normal.,sensitive,2.44-2.69x,3.05-3.35x,pre-registered,results/05_lobe/null_rulers/label_margins_all_nulls.csv,d5110bd,power (R32); H6-referenced ruler
claim,S3,"Every other staging label (three-class healthy, MCI and Moderate; every Mild label; merged Moderate and Severe; all partial designs) is inside the mesh error.",not determined,0.02-1.59x,0.04-3.38x (10 of 20 staging labels >= 3x without Null_rot19),pre-registered,results/05_lobe/null_rulers/survival_long.csv,d5110bd,power (R21/R32); with all nulls no staging label reaches 3x
claim,S4,"Ring-averaged staging ratios measure the total amount of cortical retreat, not the stage of the affected lobes: two Mild lobes (19 mm in total) read Normal.",not determined (rise over healthy vs mesh error),1.01-1.38x,2.14-2.92x,post hoc,results/05_lobe/posthoc_nulls/Q2_staging.csv; results/05_lobe/null_rulers/survival_long.csv,efc61d5; d5110bd,power (R21); slope 0.131 dB per 10 mm; H6 reference
claim,L1,In a one-sided design the reflections of the two antennas over the affected lobes differ from their mirror antennas' (left design: both left; right design: both right).,established,3.53-5.32x,3.53-5.32x,post hoc,results/05_lobe/null_rulers/survival_long.csv,d5110bd,"power (reflections, about 0.06-0.07 dB); simulation only (per-port gain error of 0.5 dB would hide it); reference-free"
claim,L2,"In Test_B the same reflection pairs point to left temporal (T2 vs T6) and right parietal (T5 vs T3), matching the true diagonal pair.",established,3.84x / 4.97x,3.84x / 4.97x,post hoc,results/05_lobe/null_rulers/survival_long.csv,d5110bd,power (reflections); simulation only; reference-free
claim,L3,"A left-right difference in the phase of the antenna-to-antenna signals exists in the left-only design; its sign repeats (opposite) in the mirrored design, its size does not.",not determined to established by statistic: imaging index 1.94x; best phase combination 4.05x (2 of 22 >= 3x per band); sign replicated 26/26,1.94x (imaging LR); 4.05x (best cross-ratio),1.94x; 4.05x,post hoc (C6 replication pre-registered: NOT REPLICATED on size),results/05_lobe/null_rulers/survival_long.csv; results/05_lobe/rightonly/report.md,d5110bd; 546d804,phase; reference-free mirror test; per-port phase calibration (simulation only)
claim,L4,The left neighbour paths of the left-only design are delayed relative to their mirror paths.,sensitive,"2.83x (T2-T3), 2.66x (T3-T4), 1.61x (T1-T2)","2.83x, 2.67x, 1.61x",post hoc,results/05_lobe/null_rulers/survival_long.csv,d5110bd,phase; reference-free; 3.30-3.65 GHz window chosen post hoc
claim,L5,"The left-right phase asymmetry is not a per-antenna (detuning) effect: no resonance shift beyond the healthy meshes, and per-antenna terms explain 11%.",n/a (negative result),shift 1.91 MHz vs null max 2.86 MHz (0.67x),same,post hoc (prediction committed 2a222ff),results/05_lobe/review2/R3_resonances.csv; results/05_lobe/null_rulers/survival_long.csv,ae2a7cb; d5110bd,phase; reference-based separable fit
claim,L6,"Neighbour-path phase separates the left-only from the right-only design (-4.4 vs +4.6 deg), while per-antenna R31 and half-ring R21 do not separate sides.",phase: n/a here (vs healthy meshes up to 1.2 deg); power side statistics: none,n/a,n/a,post hoc (focal table),results/05_lobe/reference_focal/F_focal_table.csv,607397d,phase needs per-port phase calibration (+-10 deg gives SD 8.6 deg); power per-antenna statistics get SD 0.44 dB from +-0.5 dB gain
claim,L7,"The pooled left-right vote cannot tell 'left only' from 'both sides, left larger'; only per-sector-pair statistics can.","n/a (structural; observed: Test_B 3 left / 1 right votes, mixed)",n/a,n/a,post hoc,results/05_lobe/posthoc_nulls/Q3_mirror_votes.csv; results/05_lobe/null_rulers/survival_long.csv,efc61d5; d5110bd,phase and power mirror statistics; reference-free
claim,L8,The per-antenna phase pattern fit does not separate Test_B from healthy-mesh variation: Test_B's contrast is 1.60x the null contrast (fit rejected); the rotated healthy heads give 0.63-1.02x.,not determined,1.60x,1.60x,post hoc (rule from protocol d3a4bbf),results/05_lobe/null_rulers/survival_long.csv,d5110bd,"phase; reference Healthy_sliced_new (with the mean of the healthy meshes as reference, 2.04x and pattern 25: not adopted)"
claim,M1,"Re-meshing the same healthy head (rotating the whole model) moves R31 by up to 0.20 dB, R21 by 0.36 dB and R32 by 0.47 dB, more than one extra refinement pass does (0.14 / 0.11 / 0.16 dB).",n/a (ruler),n/a,"R31 0.204, R21 0.172, R32 0.376 dB",pre-registered (5966ee4),results/05_lobe/null_rulers/rulers_three_ways.csv,d5110bd,"measured against Healthy_sliced_new; 4 rotated samples; R31 set by Null_rot43, R21 by Null_rot19, R32 by Null_rot19"
claim,M2,"Healthy_sliced_new has the lowest R31 of the six healthy meshes (0.12 dB below the mean of the other five, 1.9 SD; extreme but under the 2 SD bar).",n/a (fact),n/a,n/a,post hoc,results/05_lobe/reference_focal/C_outlier_flags.csv,607397d,the detection ruler (M1) uses H6 as base; with the mean of the healthy meshes it would be 0.113 dB (inside the one-pass 0.135 dB)
claim,M3,The size mismatch between the left-only and mirrored right-only designs is not explained by RightOnly stopping one refinement pass earlier; it is within re-mesh variation for 21 of 26 statistics.,n/a (count),0/14 within pass-5/6 twins; 21/26 within the 13-null rulers,21/26,post hoc,results/05_lobe/posthoc_nulls/A_pass_gap.csv; results/05_lobe/null_rulers/survival_long.csv,efc61d5; d5110bd,phase and power mirror statistics
claim,T1,"Test_B blind score (protocol as committed): detection AD correct, staging wrong, side 'left' correct by the protocol's net-sign definition, all six sectors left uncertain, best-fit pattern equal to the truth.",n/a (score),n/a,n/a,"pre-registered (protocol d3a4bbf, estimates 0f49389)",results/05_lobe/test_b_score/score.md,ef3b2fb,frozen rule; phase pattern fit; mirror votes
claim,G1,"The port-to-antenna map (Port 1..6 = T4, T3, T2, T1, T6, T5; T2/T3 on the subject's left) is fixed by the HFSS geometry and the field exports.",n/a (geometry),n/a,n/a,post hoc (round 2),results/05_lobe/review2/F_A14_antenna_positions.csv,ae2a7cb,audit file and field exports
claim,G2,"About 99% of every path's sensitivity is in the air around the head; of the in-brain part, 56-69% lies above z = 40 mm and at most 4% below z = 0, so 'lobes' are wedges of the upper head.",n/a (field fact),n/a,n/a,post hoc (round 2),results/05_lobe/review2/F_G5_sensitivity_regions.csv,ae2a7cb,v2 healthy field exports (3 mm grid)
claim,G3,"Inside the head, in front of each antenna, the field is polarised along the meridian (theta 0.95, phi 0.08).",n/a (field fact),n/a,n/a,post hoc (round 2),results/05_lobe/review2/F_G3_polarisation.csv,ae2a7cb,field exports
claim,G4,The healthy tissue values are the 1996 literature (Gabriel) values at 3.24 GHz held constant; real conductivity is 28-38% higher at 4.2 GHz.,n/a (fact),n/a,n/a,post hoc (round 2),results/05_lobe/review2/G7_dispersion.csv,ae2a7cb,model-family assumption: frequency-independent materials
claim,U1,"On the uniform (training) head, R32 separates healthy from AD best and R21 separates Mild from Severe best; Mild vs Moderate is not separable on any feature.",n/a (separability with bootstrap intervals),n/a,n/a,post hoc (round 2),results/05_lobe/review2/A22_separability.csv,ae2a7cb,uniform head only; not tested against re-meshing
claim,U2,Not-returned ('absorbed') power does not separate healthy from AD.,not determined,0.92x (solve SD),n/a,post hoc (round 2),results/05_lobe/review2/A26_absorbed.csv,ae2a7cb,uniform head; power
claim,U3,"Leave-one-solve-out tests pass on all 22 folds, but the two solves of a stage differ only in sweep settings (Normal/Severe) or come from another project (Mild/Moderate), so this is not a test on new heads.",n/a,n/a,n/a,post hoc (round 2),results/05_lobe/review2/A21_loso_folds.csv,ae2a7cb,uniform head; effective N = 1 design per stage
claim,I1,Sector-level imaging values are not results.,n/a,n/a,n/a,post hoc (round 2),results/imaging/lobe_round2.md (imaging evidence),5b7909d (main verdict); e4c33d3 (imaging),imaging session's Born model; main session's R1 ratio 1.94x
failed_or_withdrawn,F1,"Detection 'holds for healthy, Mild and Moderate by every ruler' (>= 3x)",failed/withdrawn,,,,,d5110bd,"the 13-null R31 ruler (0.204 dB, Null_rot43 vs Healthy_sliced_new): only Moderate stays >= 3x"
failed_or_withdrawn,F2,Staging labels at >= 3x (13 of 20 in round 2),failed/withdrawn,,,,,d5110bd,13-null re-mesh rulers for R21/R32: 0 of 20 >= 3x (10 of 20 without Null_rot19)
failed_or_withdrawn,F3,Lobe stages ordered on R21 with gaps beyond the mesh error,failed/withdrawn,,,,,d5110bd,smallest gap 0.67x twice the R21 re-mesh ruler (1.42x without Null_rot19)
failed_or_withdrawn,F4,Mask dependency of Mild_lobe_new at 2.36x the R31 yardstick,failed/withdrawn,,,,,d5110bd,1.56x against the 13-null R31 ruler
failed_or_withdrawn,F5,Mirror-twin R21 difference exceeds the mesh error (claim 29),failed/withdrawn,,,,,d5110bd,0.37x the 13-null R21 ruler (0.77x without Null_rot19)
failed_or_withdrawn,F6,Test_B sector pattern accepted by the protocol fit (3.24x),failed/withdrawn,,,,,efc61d5; d5110bd,"rotated healthy heads raise the null contrast; Test_B 1.60x, rejected"
failed_or_withdrawn,F7,Mirror vote as a side statement,failed/withdrawn,,,,,efc61d5,cannot tell left-only from both-sides-left-larger (Test_B)
failed_or_withdrawn,F8,Pre-registered LeftOnly power predictions (cf56de8),failed/withdrawn,,,,,522e579; ae2a7cb,fail or not separable; registration under-powered
failed_or_withdrawn,F9,Gain-invariant left-right cross-ratio test (09_lobe_tests),failed/withdrawn,,,,,522e579,0 of 22 beyond 3x the measured ruler
failed_or_withdrawn,F10,C6 replication of the phase finding in the mirrored design (0f97bb2),failed/withdrawn,,,,,546d804,NOT REPLICATED: signs 26/26 but sizes 12/26 within tolerance
failed_or_withdrawn,F11,16 of 22 phase cross-ratios beyond the floor (round 1),failed/withdrawn,,,,,ae2a7cb; d5110bd,max-floor rule: 4 of 22; with 13 nulls: 2 of 22
failed_or_withdrawn,F12,Imaging left-right index 3.7x the floor (round 1),failed/withdrawn,,,,,ae2a7cb,max-floor rule: 1.94x
failed_or_withdrawn,F13,Lobe-Mild three-class label,failed/withdrawn,,,,,65bd292,inside the boundary uncertainty (0.06x / 0.26x)
failed_or_withdrawn,F14,R31 orders the AD stages,failed/withdrawn,,,,,6803cab,R31 turns back at Severe
failed_or_withdrawn,F15,Identical mesh settings across the lobe set,failed/withdrawn,,,,,bac41d4,user's Setup1 table: mesh settings not matched
failed_or_withdrawn,F16,Locality model beats the no-locality baseline,failed/withdrawn,,,,,65bd292,difference inside the rulers: no preference
failed_or_withdrawn,F17,Long paths wrap round and average both sides (mechanism),failed/withdrawn,,,,,65bd292,described power only; cannot be told from the global CSF change
failed_or_withdrawn,F18,Test_B staging (Normal / Normal),failed/withdrawn,,,,,ef3b2fb,truth Mild materials; both wrong
failed_or_withdrawn,F19,Detuning explains the asymmetry (R3 prediction),failed/withdrawn,,,,,ae2a7cb,"wrong sign, no shift beyond the null, separable share 0.11"
failed_or_withdrawn,F20,Phase change proportional to frequency (C4 prediction),failed/withdrawn,,,,,ae2a7cb,asymmetry vanishes above 3.65 GHz relative to the nulls
failed_or_withdrawn,F21,Absorbed power at 0.89x,failed/withdrawn,,,,,ae2a7cb,"number not found; re-derived 0.92x, not separable"
failed_or_withdrawn,F22,Antenna polarisation 65% theta / 35% phi,failed/withdrawn,,,,,d03c077,an air-gap window average; in the head the field is meridional
failed_or_withdrawn,F23,"'99% in air, 0.3% in brain' for opposite paths",failed/withdrawn,,,,,ae2a7cb,0.45% in brain
failed_or_withdrawn,F24,Withdrawal of the phase finding after C6 (3697bef),failed/withdrawn,,,,,e4707b3,"came from a misstated instruction; reversed (sign replicated, size not)"
open_limitation,O1,"Generalisation: one idealised spherical head, one stand-off, constant 3.24 GHz tissue values; no anatomy variation tested.",open,,,,,,
open_limitation,O2,Uniform staging: not tested against re-meshing (no rotated uniform head; v1/v2 not a clean re-mesh pair).,open,,,,,,
open_limitation,O3,"Rulers rest on 4 rotated healthy meshes: R31 on Null_rot43, R21 and R32 on Null_rot19; more samples could raise them further.",open,,,,,,
open_limitation,O4,Reference choice: Healthy_sliced_new is the lowest-R31 healthy mesh; the H6-based re-mesh ruler (0.204 dB) and the mean-based one (0.113 dB) give different detection tiers. Not resolved.,open,,,,,,
open_limitation,O5,Null_rot19 build: a possible HFSS build difference is being checked by the user; until documented it stays in every ruler.,open,,,,,,
open_limitation,O6,Weak-path control: the dS < 0.02 stop rule cannot control paths near -55 dB; the effect on the second-neighbour class is untested.,open,,,,,,
open_limitation,O7,Floor significance: 13 nulls cap the rank p at about 0.07; independence of the 9 aligned-mesh nulls is not established.,open,,,,,,
open_limitation,O8,Effective sample size: one design per stage; whether v1/v2 Normal/Severe share a mesh is unknown; v1 Mild/Moderate come from another project.,open,,,,,,
open_limitation,O9,"Noise model: chosen, not measured (no VNA/antenna data).",open,,,,,,
open_limitation,O10,Antenna position error and frequency-dependent cable flex: not modelled.,open,,,,,,
open_limitation,O11,Per-port phase calibration: every phase statistic needs it; +-10 deg port phase error swamps the left-right phase signal (SD 8.6 deg).,open,,,,,,
open_limitation,O12,Layer source: Shehab Table 6 not in the repository; realistic 2 mm CSF / 6 mm skull not simulated.,open,,,,,,
open_limitation,O13,"Geometry of v1/v2 (variables, skull hole) and the MCI_lobe ventricle: unaudited.",open,,,,,,
open_limitation,O14,Materials: skin/fat/skull values in HFSS unknown; AD material provenance unverified.,open,,,,,,
open_limitation,O15,Post-hoc frequency choices: the 3.30-3.65 GHz window and the sub-band split.,open,,,,,,
open_limitation,O16,Frontal lobe (Moderate - Mild) was never checked in phase.,open,,,,,,
open_limitation,O17,"Statements in STATUS sections 2-4 (delay numbers, M5.C3 detection row, M5.C2 staging lead, spectral-shape and reflection metrics) were not re-derived.",open,,,,,,
open_limitation,O18,"Imaging-side items (Born error, sector kernels): imaging session's ledger.",open,,,,,,
number_for_report,N1,Detection threshold tau = -15.27 dB (95% -15.37 to -15.17 dB),,,,,results/05_lobe/review2/R6_A28_rulers.csv,ae2a7cb,
number_for_report,N2,"Re-mesh rulers (13 nulls): R31 0.204, R21 0.364, R32 0.469 dB (one-pass 0.135 / 0.110 / 0.161); without Null_rot19 0.204 / 0.172 / 0.376",,,,,results/05_lobe/null_rulers/rulers_three_ways.csv,d5110bd,
number_for_report,N3,Detection margins (13 nulls): Moderate 3.2x; healthy 2.2-2.9x; Mild 2.3-2.5x; MCI 2.1x; Severe 0.9-1.1x; partial designs 0.5x,,,,,results/05_lobe/null_rulers/label_margins_all_nulls.csv,d5110bd,
number_for_report,N4,Staging labels >= 3x: 0 of 20 (13 nulls); 10 of 20 without Null_rot19,,,,,results/05_lobe/null_rulers/survival_long.csv,d5110bd,
number_for_report,N5,R21 rises 0.131 dB per 10 mm of total cortical retreat (Mild materials); the Normal|Mild edge corresponds to about 33 mm,,,,,results/05_lobe/posthoc_nulls/Q2_staging.csv,efc61d5,
number_for_report,N6,Healthy_sliced_new R31 is 0.119 dB below the mean of the other five healthy meshes (lowest of six),,,,,results/05_lobe/reference_focal/C_healthy_meshes.csv,607397d,
number_for_report,N7,Mirror replication: left-right signs repeat 26/26; sizes agree 12/26 (21/26 within the 13-null rulers),,,,,results/05_lobe/rightonly/report.md; results/05_lobe/null_rulers/survival_long.csv,546d804; d5110bd,
number_for_report,N8,"Reflection mirror pairs: left design -0.060 / -0.068 dB, right design +0.070 / +0.073 dB, Test_B -0.066 / +0.068 dB; all 13 nulls below the 0.017 / 0.014 dB one-pass yardsticks",,,,,results/05_lobe/null_rulers/survival_long.csv; results/05_lobe/posthoc_nulls/V_user_numbers.csv,d5110bd; efc61d5,
number_for_report,N9,"Neighbour-phase left-right: left design -4.4 deg, right design +4.6 deg, Test_B -0.4 deg (3.30-3.65 GHz); healthy meshes up to 1.2 deg",,,,,results/05_lobe/reference_focal/F_focal_table.csv,607397d,
number_for_report,N10,+-10 deg per-port phase error spreads the neighbour-phase left-right by 8.6 deg (SD); +-0.5 dB gain error spreads per-antenna R31 left-right by 0.44 dB,,,,,results/05_lobe/reference_focal/F_error_sd.csv,607397d,
number_for_report,N11,"Test_B blind score: detection correct, staging wrong, side correct by definition, 6 sector abstentions, best pattern = truth",,,,,results/05_lobe/test_b_score/score.md,ef3b2fb,
number_for_report,N12,Test_B pattern-fit contrast 1.60x the healthy-mesh null (rotated healthy heads 0.63-1.02x),,,,,results/05_lobe/null_rulers/survival_long.csv,d5110bd,
number_for_report,N13,"Sensitivity: 98.7-99.4% in air; in-brain 56-69% above z = 40 mm, <= 4% below z = 0",,,,,results/05_lobe/review2/F_G5_sensitivity_regions.csv,ae2a7cb,
number_for_report,N14,"Detection band: uniform healthy-AD R31 gap 3.4x (3.2-3.5 GHz), 5.7x (3.5-3.8), -7.3x (3.8-4.2)",,,,,results/05_lobe/review2/A16_subbands.csv,ae2a7cb,
